ui_path,object_id,widget_class,policy,notification_profile,exclusion_reason
basctl/uiconfig/basicide/ui/basicmacrodialog.ui,BasicMacroDialog,GtkDialog,native-exclusion,,"collects input, kept modal (router Classify: KeepModal)"
basctl/uiconfig/basicide/ui/colorscheme.ui,ColorSchemeDialog,GtkDialog,native-exclusion,,"collects input, kept modal (router Classify: KeepModal)"
basctl/uiconfig/basicide/ui/defaultlanguage.ui,DefaultLanguageDialog,GtkDialog,native-exclusion,,"collects input, kept modal (router Classify: KeepModal)"
basctl/uiconfig/basicide/ui/deletelangdialog.ui,DeleteLangDialog,GtkMessageDialog,native-exclusion,,"destructive confirmation, kept modal (router Classify: KeepModal)"
basctl/uiconfig/basicide/ui/exportdialog.ui,ExportDialog,GtkDialog,native-exclusion,,"collects input, kept modal (router Classify: KeepModal)"
basctl/uiconfig/basicide/ui/gotolinedialog.ui,GotoLineDialog,GtkDialog,native-exclusion,,"collects input, kept modal (router Classify: KeepModal)"
basctl/uiconfig/basicide/ui/importlibdialog.ui,ImportLibDialog,GtkDialog,native-exclusion,,"collects input, kept modal (router Classify: KeepModal)"
basctl/uiconfig/basicide/ui/managebreakpoints.ui,ManageBreakpointsDialog,GtkDialog,native-exclusion,,"collects input, kept modal (router Classify: KeepModal)"
basctl/uiconfig/basicide/ui/managelanguages.ui,ManageLanguagesDialog,GtkDialog,native-exclusion,,"collects input, kept modal (router Classify: KeepModal)"
basctl/uiconfig/basicide/ui/newlibdialog.ui,NewLibDialog,GtkDialog,native-exclusion,,"collects input, kept modal (router Classify: KeepModal)"
basctl/uiconfig/basicide/ui/organizedialog.ui,OrganizeDialog,GtkDialog,native-exclusion,,"collects input, kept modal (router Classify: KeepModal)"
chart2/uiconfig/ui/3dviewdialog.ui,3DViewDialog,GtkDialog,native-exclusion,,"collects input, kept modal (router Classify: KeepModal)"
chart2/uiconfig/ui/attributedialog.ui,AttributeDialog,GtkDialog,native-exclusion,,"collects input, kept modal (router Classify: KeepModal)"
chart2/uiconfig/ui/chardialog.ui,CharDialog,GtkDialog,native-exclusion,,"collects input, kept modal (router Classify: KeepModal)"
chart2/uiconfig/ui/chartdatadialog.ui,ChartDataDialog,GtkDialog,native-exclusion,,"interactive dialog shell, not acknowledgment-only (router Classify: KeepModal)"
chart2/uiconfig/ui/charttypedialog.ui,ChartTypeDialog,GtkDialog,native-exclusion,,"interactive dialog shell, not acknowledgment-only (router Classify: KeepModal)"
chart2/uiconfig/ui/datarangedialog.ui,DataRangeDialog,GtkDialog,native-exclusion,,"collects input, kept modal (router Classify: KeepModal)"
chart2/uiconfig/ui/dlg_DataLabel.ui,dlg_DataLabels,GtkDialog,native-exclusion,,"collects input, kept modal (router Classify: KeepModal)"
chart2/uiconfig/ui/dlg_InsertDataTable.ui,InsertDataTableDialog,GtkDialog,native-exclusion,,"collects input, kept modal (router Classify: KeepModal)"
chart2/uiconfig/ui/dlg_InsertErrorBars.ui,dlg_InsertErrorBars,GtkDialog,native-exclusion,,"collects input, kept modal (router Classify: KeepModal)"
chart2/uiconfig/ui/dlg_InsertLegend.ui,dlg_InsertLegend,GtkDialog,native-exclusion,,"collects input, kept modal (router Classify: KeepModal)"
chart2/uiconfig/ui/insertaxisdlg.ui,InsertAxisDialog,GtkDialog,native-exclusion,,"collects input, kept modal (router Classify: KeepModal)"
chart2/uiconfig/ui/insertgriddlg.ui,InsertGridDialog,GtkDialog,native-exclusion,,"collects input, kept modal (router Classify: KeepModal)"
chart2/uiconfig/ui/inserttitledlg.ui,InsertTitleDialog,GtkDialog,native-exclusion,,"collects input, kept modal (router Classify: KeepModal)"
chart2/uiconfig/ui/paradialog.ui,ParagraphDialog,GtkDialog,native-exclusion,,"collects input, kept modal (router Classify: KeepModal)"
chart2/uiconfig/ui/smoothlinesdlg.ui,SmoothLinesDialog,GtkDialog,native-exclusion,,"collects input, kept modal (router Classify: KeepModal)"
chart2/uiconfig/ui/steppedlinesdlg.ui,SteppedLinesDialog,GtkDialog,native-exclusion,,"collects input, kept modal (router Classify: KeepModal)"
cui/uiconfig/ui/aboutconfigdialog.ui,AboutConfig,GtkDialog,native-exclusion,,"collects input, kept modal (router Classify: KeepModal)"
cui/uiconfig/ui/aboutdialog.ui,AboutDialog,GtkDialog,native-exclusion,,"interactive dialog shell, not acknowledgment-only (router Classify: KeepModal)"
cui/uiconfig/ui/additionsdialog.ui,AdditionsDialog,GtkDialog,native-exclusion,,"collects input, kept modal (router Classify: KeepModal)"
cui/uiconfig/ui/agingdialog.ui,AgingDialog,GtkDialog,native-exclusion,,"collects input, kept modal (router Classify: KeepModal)"
cui/uiconfig/ui/areadialog.ui,AreaDialog,GtkDialog,native-exclusion,,"collects input, kept modal (router Classify: KeepModal)"
cui/uiconfig/ui/assigncomponentdialog.ui,AssignComponent,GtkDialog,native-exclusion,,"collects input, kept modal (router Classify: KeepModal)"
cui/uiconfig/ui/autocorrectdialog.ui,AutoCorrectDialog,GtkDialog,native-exclusion,,"collects input, kept modal (router Classify: KeepModal)"
cui/uiconfig/ui/baselinksdialog.ui,BaseLinksDialog,GtkDialog,native-exclusion,,"collects input, kept modal (router Classify: KeepModal)"
cui/uiconfig/ui/borderareatransparencydialog.ui,BorderAreaTransparencyDialog,GtkDialog,native-exclusion,,"collects input, kept modal (router Classify: KeepModal)"
cui/uiconfig/ui/borderbackgrounddialog.ui,BorderBackgroundDialog,GtkDialog,native-exclusion,,"collects input, kept modal (router Classify: KeepModal)"
cui/uiconfig/ui/breaknumberoption.ui,BreakNumberOption,GtkDialog,native-exclusion,,"collects input, kept modal (router Classify: KeepModal)"
cui/uiconfig/ui/bulletandposition.ui,BulletAndPosition,GtkDialog,native-exclusion,,"collects input, kept modal (router Classify: KeepModal)"
cui/uiconfig/ui/calloutdialog.ui,CalloutDialog,GtkDialog,native-exclusion,,"collects input, kept modal (router Classify: KeepModal)"
cui/uiconfig/ui/certdialog.ui,CertDialog,GtkDialog,native-exclusion,,"collects input, kept modal (router Classify: KeepModal)"
cui/uiconfig/ui/colorpickerdialog.ui,ColorPicker,GtkDialog,native-exclusion,,"collects input, kept modal (router Classify: KeepModal)"
cui/uiconfig/ui/comment.ui,CommentDialog,GtkDialog,native-exclusion,,"collects input, kept modal (router Classify: KeepModal)"
cui/uiconfig/ui/cuiimapdlg.ui,IMapDialog,GtkDialog,native-exclusion,,"collects input, kept modal (router Classify: KeepModal)"
cui/uiconfig/ui/customizedialog.ui,CustomizeDialog,GtkDialog,native-exclusion,,"collects input, kept modal (router Classify: KeepModal)"
cui/uiconfig/ui/databaselinkdialog.ui,DatabaseLinkDialog,GtkDialog,native-exclusion,,"collects input, kept modal (router Classify: KeepModal)"
cui/uiconfig/ui/diagramdialog.ui,DiagramDialog,GtkDialog,native-exclusion,,"collects input, kept modal (router Classify: KeepModal)"
cui/uiconfig/ui/editdictionarydialog.ui,EditDictionaryDialog,GtkDialog,native-exclusion,,"collects input, kept modal (router Classify: KeepModal)"
cui/uiconfig/ui/editmodulesdialog.ui,EditModulesDialog,GtkDialog,native-exclusion,,"collects input, kept modal (router Classify: KeepModal)"
cui/uiconfig/ui/embossdialog.ui,EmbossDialog,GtkDialog,native-exclusion,,"interactive dialog shell, not acknowledgment-only (router Classify: KeepModal)"
cui/uiconfig/ui/eventassigndialog.ui,EventAssignDialog,GtkDialog,native-exclusion,,"interactive dialog shell, not acknowledgment-only (router Classify: KeepModal)"
cui/uiconfig/ui/fmsearchdialog.ui,RecordSearchDialog,GtkDialog,native-exclusion,,"collects input, kept modal (router Classify: KeepModal)"
cui/uiconfig/ui/fontfeaturesdialog.ui,FontFeaturesDialog,GtkDialog,native-exclusion,,"interactive dialog shell, not acknowledgment-only (router Classify: KeepModal)"
cui/uiconfig/ui/formatcellsdialog.ui,FormatCellsDialog,GtkDialog,native-exclusion,,"collects input, kept modal (router Classify: KeepModal)"
cui/uiconfig/ui/formatnumberdialog.ui,FormatNumberDialog,GtkDialog,native-exclusion,,"interactive dialog shell, not acknowledgment-only (router Classify: KeepModal)"
cui/uiconfig/ui/galleryapplyprogress.ui,GalleryApplyProgress,GtkDialog,native-exclusion,,"interactive dialog shell, not acknowledgment-only (router Classify: KeepModal)"
cui/uiconfig/ui/gallerysearchprogress.ui,GallerySearchProgress,GtkDialog,native-exclusion,,"interactive dialog shell, not acknowledgment-only (router Classify: KeepModal)"
cui/uiconfig/ui/gallerythemedialog.ui,GalleryThemeDialog,GtkDialog,native-exclusion,,"collects input, kept modal (router Classify: KeepModal)"
cui/uiconfig/ui/gallerythemeiddialog.ui,GalleryThemeIDDialog,GtkDialog,native-exclusion,,"collects input, kept modal (router Classify: KeepModal)"
cui/uiconfig/ui/gallerytitledialog.ui,GalleryTitleDialog,GtkDialog,native-exclusion,,"collects input, kept modal (router Classify: KeepModal)"
cui/uiconfig/ui/galleryupdateprogress.ui,GalleryUpdateProgress,GtkDialog,native-exclusion,,"interactive dialog shell, not acknowledgment-only (router Classify: KeepModal)"
cui/uiconfig/ui/graphictestdlg.ui,GraphicTestsDialog,GtkDialog,native-exclusion,,"collects input, kept modal (router Classify: KeepModal)"
cui/uiconfig/ui/hangulhanjaadddialog.ui,HangulHanjaAddDialog,GtkDialog,native-exclusion,,"collects input, kept modal (router Classify: KeepModal)"
cui/uiconfig/ui/hangulhanjaconversiondialog.ui,HangulHanjaConversionDialog,GtkDialog,native-exclusion,,"collects input, kept modal (router Classify: KeepModal)"
cui/uiconfig/ui/hangulhanjaeditdictdialog.ui,HangulHanjaEditDictDialog,GtkDialog,native-exclusion,,"collects input, kept modal (router Classify: KeepModal)"
cui/uiconfig/ui/hangulhanjaoptdialog.ui,HangulHanjaOptDialog,GtkDialog,native-exclusion,,"collects input, kept modal (router Classify: KeepModal)"
cui/uiconfig/ui/hyperlinkdlg.ui,HyperlinkDialog,GtkDialog,native-exclusion,,"collects input, kept modal (router Classify: KeepModal)"
cui/uiconfig/ui/hyperlinkmarkdialog.ui,HyperlinkMark,GtkDialog,native-exclusion,,"collects input, kept modal (router Classify: KeepModal)"
cui/uiconfig/ui/hyphenate.ui,HyphenateDialog,GtkDialog,native-exclusion,,"collects input, kept modal (router Classify: KeepModal)"
cui/uiconfig/ui/iconchangedialog.ui,IconChange,GtkMessageDialog,native-exclusion,,"collects input, kept modal (router Classify: KeepModal)"
cui/uiconfig/ui/iconselectordialog.ui,IconSelector,GtkDialog,native-exclusion,,"interactive dialog shell, not acknowledgment-only (router Classify: KeepModal)"
cui/uiconfig/ui/imageviewer.ui,ImageViewerDialog,GtkDialog,native-exclusion,,"interactive dialog shell, not acknowledgment-only (router Classify: KeepModal)"
cui/uiconfig/ui/insertfloatingframe.ui,InsertFloatingFrameDialog,GtkDialog,native-exclusion,,"collects input, kept modal (router Classify: KeepModal)"
cui/uiconfig/ui/insertoleobject.ui,InsertOLEObjectDialog,GtkDialog,native-exclusion,,"collects input, kept modal (router Classify: KeepModal)"
cui/uiconfig/ui/insertrowcolumn.ui,InsertRowColumnDialog,GtkDialog,native-exclusion,,"collects input, kept modal (router Classify: KeepModal)"
cui/uiconfig/ui/javaclasspathdialog.ui,JavaClassPath,GtkDialog,native-exclusion,,"collects input, kept modal (router Classify: KeepModal)"
cui/uiconfig/ui/javastartparametersdialog.ui,JavaStartParameters,GtkDialog,native-exclusion,,"collects input, kept modal (router Classify: KeepModal)"
cui/uiconfig/ui/linedialog.ui,LineDialog,GtkDialog,native-exclusion,,"collects input, kept modal (router Classify: KeepModal)"
cui/uiconfig/ui/listdialog.ui,ListDialog,GtkDialog,native-exclusion,,"collects input, kept modal (router Classify: KeepModal)"
cui/uiconfig/ui/macroassigndialog.ui,MacroAssignDialog,GtkDialog,native-exclusion,,"interactive dialog shell, not acknowledgment-only (router Classify: KeepModal)"
cui/uiconfig/ui/macromanagerdialog.ui,MacroManagerDialog,GtkDialog,native-exclusion,,"collects input, kept modal (router Classify: KeepModal)"
cui/uiconfig/ui/macroselectordialog.ui,MacroSelectorDialog,GtkDialog,native-exclusion,,"collects input, kept modal (router Classify: KeepModal)"
cui/uiconfig/ui/mosaicdialog.ui,MosaicDialog,GtkDialog,native-exclusion,,"collects input, kept modal (router Classify: KeepModal)"
cui/uiconfig/ui/movemenu.ui,MoveMenuDialog,GtkDialog,native-exclusion,,"collects input, kept modal (router Classify: KeepModal)"
cui/uiconfig/ui/multipathdialog.ui,MultiPathDialog,GtkDialog,native-exclusion,,"collects input, kept modal (router Classify: KeepModal)"
cui/uiconfig/ui/namedialog.ui,NameDialog,GtkDialog,native-exclusion,,"collects input, kept modal (router Classify: KeepModal)"
cui/uiconfig/ui/newlibdialog.ui,NewLibDialog,GtkDialog,native-exclusion,,"collects input, kept modal (router Classify: KeepModal)"
cui/uiconfig/ui/newtabledialog.ui,NewTableDialog,GtkDialog,native-exclusion,,"collects input, kept modal (router Classify: KeepModal)"
cui/uiconfig/ui/newtoolbardialog.ui,NewToolbarDialog,GtkDialog,native-exclusion,,"collects input, kept modal (router Classify: KeepModal)"
cui/uiconfig/ui/numberdialog.ui,NumberDialog,GtkDialog,native-exclusion,,"collects input, kept modal (router Classify: KeepModal)"
cui/uiconfig/ui/objectnamedialog.ui,ObjectNameDialog,GtkDialog,native-exclusion,,"collects input, kept modal (router Classify: KeepModal)"
cui/uiconfig/ui/objecttitledescdialog.ui,ObjectTitleDescDialog,GtkDialog,native-exclusion,,"collects input, kept modal (router Classify: KeepModal)"
cui/uiconfig/ui/optionsdialog.ui,OptionsDialog,GtkDialog,native-exclusion,,"collects input, kept modal (router Classify: KeepModal)"
cui/uiconfig/ui/optnewdictionarydialog.ui,OptNewDictionaryDialog,GtkDialog,native-exclusion,,"collects input, kept modal (router Classify: KeepModal)"
cui/uiconfig/ui/password.ui,PasswordDialog,GtkDialog,native-exclusion,,"collects credentials, kept modal (router Classify: KeepModal)"
cui/uiconfig/ui/pastespecial.ui,PasteSpecialDialog,GtkDialog,native-exclusion,,"collects input, kept modal (router Classify: KeepModal)"
cui/uiconfig/ui/percentdialog.ui,PercentDialog,GtkDialog,native-exclusion,,"collects input, kept modal (router Classify: KeepModal)"
cui/uiconfig/ui/positionsizedialog.ui,PositionAndSizeDialog,GtkDialog,native-exclusion,,"collects input, kept modal (router Classify: KeepModal)"
cui/uiconfig/ui/posterdialog.ui,PosterDialog,GtkDialog,native-exclusion,,"collects input, kept modal (router Classify: KeepModal)"
cui/uiconfig/ui/qrcodegen.ui,QrCodeGenDialog,GtkDialog,native-exclusion,,"collects input, kept modal (router Classify: KeepModal)"
cui/uiconfig/ui/querychangelineenddialog.ui,AskChangeLineEndDialog,GtkMessageDialog,native-exclusion,,"modal decision prompt, not acknowledgment-only (router Classify: KeepModal)"
cui/uiconfig/ui/querydeletebitmapdialog.ui,AskDelBitmapDialog,GtkMessageDialog,native-exclusion,,"destructive confirmation, kept modal (router Classify: KeepModal)"
cui/uiconfig/ui/querydeletechartcolordialog.ui,QueryDeleteChartColorDialog,GtkMessageDialog,native-exclusion,,"destructive confirmation, kept modal (router Classify: KeepModal)"
cui/uiconfig/ui/querydeletecolordialog.ui,AskDelColorDialog,GtkMessageDialog,native-exclusion,,"destructive confirmation, kept modal (router Classify: KeepModal)"
cui/uiconfig/ui/querydeletedictionarydialog.ui,QueryDeleteDictionaryDialog,GtkMessageDialog,native-exclusion,,"destructive confirmation, kept modal (router Classify: KeepModal)"
cui/uiconfig/ui/querydeletegradientdialog.ui,AskDelGradientDialog,GtkMessageDialog,native-exclusion,,"destructive confirmation, kept modal (router Classify: KeepModal)"
cui/uiconfig/ui/querydeletehatchdialog.ui,AskDelHatchDialog,GtkMessageDialog,native-exclusion,,"destructive confirmation, kept modal (router Classify: KeepModal)"
cui/uiconfig/ui/querydeletelineenddialog.ui,AskDelLineEndDialog,GtkMessageDialog,native-exclusion,,"destructive confirmation, kept modal (router Classify: KeepModal)"
cui/uiconfig/ui/querydeletelinestyledialog.ui,AskDelLineStyleDialog,GtkMessageDialog,native-exclusion,,"destructive confirmation, kept modal (router Classify: KeepModal)"
cui/uiconfig/ui/querydialog.ui,QueryDialog,GtkDialog,native-exclusion,,"collects input, kept modal (router Classify: KeepModal)"
cui/uiconfig/ui/queryduplicatedialog.ui,DuplicateNameDialog,GtkMessageDialog,bottom-right-notification-form,default,
cui/uiconfig/ui/querynoloadedfiledialog.ui,NoLoadedFileDialog,GtkMessageDialog,bottom-right-notification-form,default,
cui/uiconfig/ui/querynosavefiledialog.ui,NoSaveFileDialog,GtkMessageDialog,bottom-right-notification-form,default,
cui/uiconfig/ui/querysavelistdialog.ui,AskSaveList,GtkMessageDialog,native-exclusion,,"destructive confirmation, kept modal (router Classify: KeepModal)"
cui/uiconfig/ui/queryupdategalleryfilelistdialog.ui,QueryUpdateFileListDialog,GtkMessageDialog,native-exclusion,,"modal decision prompt, not acknowledgment-only (router Classify: KeepModal)"
cui/uiconfig/ui/recordnumberdialog.ui,RecordNumberDialog,GtkDialog,native-exclusion,,"collects input, kept modal (router Classify: KeepModal)"
cui/uiconfig/ui/screenshotannotationdialog.ui,ScreenshotAnnotationDialog,GtkDialog,native-exclusion,,"collects input, kept modal (router Classify: KeepModal)"
cui/uiconfig/ui/scriptorganizer.ui,ScriptOrganizerDialog,GtkDialog,native-exclusion,,"collects input, kept modal (router Classify: KeepModal)"
cui/uiconfig/ui/searchattrdialog.ui,SearchAttrDialog,GtkDialog,native-exclusion,,"collects input, kept modal (router Classify: KeepModal)"
cui/uiconfig/ui/searchformatdialog.ui,SearchFormatDialog,GtkDialog,native-exclusion,,"collects input, kept modal (router Classify: KeepModal)"
cui/uiconfig/ui/securityoptionsdialog.ui,SecurityOptionsDialog,GtkDialog,native-exclusion,,"security/trust decision, kept modal (router Classify: KeepModal)"
cui/uiconfig/ui/selectpathdialog.ui,SelectPathDialog,GtkDialog,native-exclusion,,"collects input, kept modal (router Classify: KeepModal)"
cui/uiconfig/ui/showcoldialog.ui,ShowColDialog,GtkDialog,native-exclusion,,"collects input, kept modal (router Classify: KeepModal)"
cui/uiconfig/ui/signatureline.ui,SignatureLineDialog,GtkDialog,native-exclusion,,"security/trust decision, kept modal (router Classify: KeepModal)"
cui/uiconfig/ui/signsignatureline.ui,SignSignatureLineDialog,GtkDialog,native-exclusion,,"security/trust decision, kept modal (router Classify: KeepModal)"
cui/uiconfig/ui/similaritysearchdialog.ui,SimilaritySearchDialog,GtkDialog,native-exclusion,,"collects input, kept modal (router Classify: KeepModal)"
cui/uiconfig/ui/smoothdialog.ui,SmoothDialog,GtkDialog,native-exclusion,,"collects input, kept modal (router Classify: KeepModal)"
cui/uiconfig/ui/solarizedialog.ui,SolarizeDialog,GtkDialog,native-exclusion,,"collects input, kept modal (router Classify: KeepModal)"
cui/uiconfig/ui/specialcharacters.ui,SpecialCharactersDialog,GtkDialog,native-exclusion,,"collects input, kept modal (router Classify: KeepModal)"
cui/uiconfig/ui/spellingdialog.ui,SpellingDialog,GtkDialog,native-exclusion,,"collects input, kept modal (router Classify: KeepModal)"
cui/uiconfig/ui/spelloptionsdialog.ui,SpellOptionsDialog,GtkDialog,native-exclusion,,"interactive dialog shell, not acknowledgment-only (router Classify: KeepModal)"
cui/uiconfig/ui/spinbox.ui,SpinDialog,GtkDialog,native-exclusion,,"collects input, kept modal (router Classify: KeepModal)"
cui/uiconfig/ui/splitcellsdialog.ui,SplitCellsDialog,GtkDialog,native-exclusion,,"collects input, kept modal (router Classify: KeepModal)"
cui/uiconfig/ui/storedwebconnectiondialog.ui,StoredWebConnectionDialog,GtkDialog,native-exclusion,,"collects input, kept modal (router Classify: KeepModal)"
cui/uiconfig/ui/textdialog.ui,TextDialog,GtkDialog,native-exclusion,,"collects input, kept modal (router Classify: KeepModal)"
cui/uiconfig/ui/thesaurus.ui,ThesaurusDialog,GtkDialog,native-exclusion,,"collects input, kept modal (router Classify: KeepModal)"
cui/uiconfig/ui/tipofthedaydialog.ui,TipOfTheDayDialog,GtkDialog,native-exclusion,,"interactive dialog shell, not acknowledgment-only (router Classify: KeepModal)"
cui/uiconfig/ui/tsaurldialog.ui,TSAURLDialog,GtkDialog,native-exclusion,,"collects input, kept modal (router Classify: KeepModal)"
cui/uiconfig/ui/uipickerdialog.ui,UIPickerDialog,GtkDialog,native-exclusion,,"collects input, kept modal (router Classify: KeepModal)"
cui/uiconfig/ui/widgettestdialog.ui,WidgetTestDialog,GtkDialog,native-exclusion,,"collects input, kept modal (router Classify: KeepModal)"
cui/uiconfig/ui/zoomdialog.ui,ZoomDialog,GtkDialog,native-exclusion,,"collects input, kept modal (router Classify: KeepModal)"
dbaccess/uiconfig/ui/admindialog.ui,AdminDialog,GtkDialog,native-exclusion,,"collects input, kept modal (router Classify: KeepModal)"
dbaccess/uiconfig/ui/advancedsettingsdialog.ui,AdvancedSettingsDialog,GtkDialog,native-exclusion,,"collects input, kept modal (router Classify: KeepModal)"
dbaccess/uiconfig/ui/choosedatasourcedialog.ui,ChooseDataSourceDialog,GtkDialog,native-exclusion,,"collects input, kept modal (router Classify: KeepModal)"
dbaccess/uiconfig/ui/collectionviewdialog.ui,CollectionView,GtkDialog,native-exclusion,,"collects input, kept modal (router Classify: KeepModal)"
dbaccess/uiconfig/ui/colwidthdialog.ui,ColWidthDialog,GtkDialog,native-exclusion,,"collects input, kept modal (router Classify: KeepModal)"
dbaccess/uiconfig/ui/dbaseindexdialog.ui,DBaseIndexDialog,GtkDialog,native-exclusion,,"collects input, kept modal (router Classify: KeepModal)"
dbaccess/uiconfig/ui/deleteallrowsdialog.ui,DeleteAllRowsDialog,GtkMessageDialog,native-exclusion,,"destructive confirmation, kept modal (router Classify: KeepModal)"
dbaccess/uiconfig/ui/designsavemodifieddialog.ui,DesignSaveModifiedDialog,GtkMessageDialog,native-exclusion,,"modal decision prompt, not acknowledgment-only (router Classify: KeepModal)"
dbaccess/uiconfig/ui/directsqldialog.ui,DirectSQLDialog,GtkDialog,native-exclusion,,"collects input, kept modal (router Classify: KeepModal)"
dbaccess/uiconfig/ui/fielddialog.ui,FieldDialog,GtkDialog,native-exclusion,,"collects input, kept modal (router Classify: KeepModal)"
dbaccess/uiconfig/ui/indexdesigndialog.ui,IndexDesignDialog,GtkDialog,native-exclusion,,"collects input, kept modal (router Classify: KeepModal)"
dbaccess/uiconfig/ui/joindialog.ui,JoinDialog,GtkDialog,native-exclusion,,"collects input, kept modal (router Classify: KeepModal)"
dbaccess/uiconfig/ui/migrwarndlg.ui,MigrationWarnDialog,GtkMessageDialog,native-exclusion,,"modal decision prompt, not acknowledgment-only (router Classify: KeepModal)"
dbaccess/uiconfig/ui/parametersdialog.ui,Parameters,GtkDialog,native-exclusion,,"collects input, kept modal (router Classify: KeepModal)"
dbaccess/uiconfig/ui/password.ui,PasswordDialog,GtkDialog,native-exclusion,,"collects credentials, kept modal (router Classify: KeepModal)"
dbaccess/uiconfig/ui/queryfilterdialog.ui,QueryFilterDialog,GtkDialog,native-exclusion,,"collects input, kept modal (router Classify: KeepModal)"
dbaccess/uiconfig/ui/querypropertiesdialog.ui,QueryPropertiesDialog,GtkDialog,native-exclusion,,"collects input, kept modal (router Classify: KeepModal)"
dbaccess/uiconfig/ui/relationdialog.ui,RelationDialog,GtkDialog,native-exclusion,,"collects input, kept modal (router Classify: KeepModal)"
dbaccess/uiconfig/ui/rowheightdialog.ui,RowHeightDialog,GtkDialog,native-exclusion,,"collects input, kept modal (router Classify: KeepModal)"
dbaccess/uiconfig/ui/savedialog.ui,SaveDialog,GtkDialog,native-exclusion,,"collects input, kept modal (router Classify: KeepModal)"
dbaccess/uiconfig/ui/saveindexdialog.ui,SaveIndexDialog,GtkMessageDialog,native-exclusion,,"modal decision prompt, not acknowledgment-only (router Classify: KeepModal)"
dbaccess/uiconfig/ui/savemodifieddialog.ui,SaveModifiedDialog,GtkMessageDialog,native-exclusion,,"modal decision prompt, not acknowledgment-only (router Classify: KeepModal)"
dbaccess/uiconfig/ui/sortdialog.ui,SortDialog,GtkDialog,native-exclusion,,"collects input, kept modal (router Classify: KeepModal)"
dbaccess/uiconfig/ui/sqlexception.ui,SQLExceptionDialog,GtkDialog,native-exclusion,,"collects input, kept modal (router Classify: KeepModal)"
dbaccess/uiconfig/ui/tabledesignsavemodifieddialog.ui,TableDesignSaveModifiedDialog,GtkMessageDialog,native-exclusion,,"modal decision prompt, not acknowledgment-only (router Classify: KeepModal)"
dbaccess/uiconfig/ui/tablesfilterdialog.ui,TablesFilterDialog,GtkDialog,native-exclusion,,"interactive dialog shell, not acknowledgment-only (router Classify: KeepModal)"
dbaccess/uiconfig/ui/tablesjoindialog.ui,TablesJoinDialog,GtkDialog,native-exclusion,,"collects input, kept modal (router Classify: KeepModal)"
dbaccess/uiconfig/ui/textconnectionsettings.ui,TextConnectionSettingsDialog,GtkDialog,native-exclusion,,"interactive dialog shell, not acknowledgment-only (router Classify: KeepModal)"
dbaccess/uiconfig/ui/useradmindialog.ui,UserAdminDialog,GtkDialog,native-exclusion,,"collects input, kept modal (router Classify: KeepModal)"
desktop/uiconfig/ui/dependenciesdialog.ui,Dependencies,GtkDialog,native-exclusion,,"collects input, kept modal (router Classify: KeepModal)"
desktop/uiconfig/ui/extensionmanager.ui,ExtensionManagerDialog,GtkDialog,native-exclusion,,"collects input, kept modal (router Classify: KeepModal)"
desktop/uiconfig/ui/installforalldialog.ui,InstallForAllDialog,GtkMessageDialog,native-exclusion,,"modal decision prompt, not acknowledgment-only (router Classify: KeepModal)"
desktop/uiconfig/ui/licensedialog.ui,LicenseDialog,GtkDialog,native-exclusion,,"collects input, kept modal (router Classify: KeepModal)"
desktop/uiconfig/ui/showlicensedialog.ui,ShowLicenseDialog,GtkDialog,native-exclusion,,"collects input, kept modal (router Classify: KeepModal)"
desktop/uiconfig/ui/updatedialog.ui,UpdateDialog,GtkDialog,native-exclusion,,"collects input, kept modal (router Classify: KeepModal)"
desktop/uiconfig/ui/updateinstalldialog.ui,UpdateInstallDialog,GtkDialog,native-exclusion,,"collects input, kept modal (router Classify: KeepModal)"
desktop/uiconfig/ui/updaterequireddialog.ui,UpdateRequiredDialog,GtkDialog,native-exclusion,,"interactive dialog shell, not acknowledgment-only (router Classify: KeepModal)"
extensions/uiconfig/sbibliography/ui/choosedatasourcedialog.ui,ChooseDataSourceDialog,GtkDialog,native-exclusion,,"collects input, kept modal (router Classify: KeepModal)"
extensions/uiconfig/sbibliography/ui/mappingdialog.ui,MappingDialog,GtkDialog,native-exclusion,,"collects input, kept modal (router Classify: KeepModal)"
extensions/uiconfig/sbibliography/ui/querydialog.ui,QueryDialog,GtkMessageDialog,native-exclusion,,"collects input, kept modal (router Classify: KeepModal)"
extensions/uiconfig/scanner/ui/griddialog.ui,GridDialog,GtkDialog,native-exclusion,,"collects input, kept modal (router Classify: KeepModal)"
extensions/uiconfig/scanner/ui/sanedialog.ui,SaneDialog,GtkDialog,native-exclusion,,"collects input, kept modal (router Classify: KeepModal)"
extensions/uiconfig/spropctrlr/ui/controlfontdialog.ui,ControlFontDialog,GtkDialog,native-exclusion,,"collects input, kept modal (router Classify: KeepModal)"
extensions/uiconfig/spropctrlr/ui/datatypedialog.ui,DataTypeDialog,GtkDialog,native-exclusion,,"collects input, kept modal (router Classify: KeepModal)"
extensions/uiconfig/spropctrlr/ui/formlinksdialog.ui,FormLinks,GtkDialog,native-exclusion,,"collects input, kept modal (router Classify: KeepModal)"
extensions/uiconfig/spropctrlr/ui/labelselectiondialog.ui,LabelSelectionDialog,GtkDialog,native-exclusion,,"collects input, kept modal (router Classify: KeepModal)"
extensions/uiconfig/spropctrlr/ui/listselectdialog.ui,ListSelectDialog,GtkDialog,native-exclusion,,"collects input, kept modal (router Classify: KeepModal)"
extensions/uiconfig/spropctrlr/ui/taborder.ui,TabOrderDialog,GtkDialog,native-exclusion,,"collects input, kept modal (router Classify: KeepModal)"
filter/uiconfig/ui/pdfoptionsdialog.ui,PdfOptionsDialog,GtkDialog,native-exclusion,,"collects input, kept modal (router Classify: KeepModal)"
filter/uiconfig/ui/testxmlfilter.ui,TestXMLFilterDialog,GtkDialog,native-exclusion,,"collects input, kept modal (router Classify: KeepModal)"
filter/uiconfig/ui/warnpdfdialog.ui,WarnPDFDialog,GtkMessageDialog,native-exclusion,,"collects input, kept modal (router Classify: KeepModal)"
filter/uiconfig/ui/xmlfiltersettings.ui,XMLFilterSettingsDialog,GtkDialog,native-exclusion,,"collects input, kept modal (router Classify: KeepModal)"
filter/uiconfig/ui/xsltfilterdialog.ui,XSLTFilterDialog,GtkDialog,native-exclusion,,"collects input, kept modal (router Classify: KeepModal)"
formula/uiconfig/ui/formuladialog.ui,FormulaDialog,GtkDialog,native-exclusion,,"collects input, kept modal (router Classify: KeepModal)"
fpicker/uiconfig/ui/explorerfiledialog.ui,ExplorerFileDialog,GtkDialog,native-exclusion,,"collects input, kept modal (router Classify: KeepModal)"
fpicker/uiconfig/ui/foldernamedialog.ui,FolderNameDialog,GtkDialog,native-exclusion,,"collects input, kept modal (router Classify: KeepModal)"
fpicker/uiconfig/ui/remotefilesdialog.ui,RemoteFilesDialog,GtkDialog,native-exclusion,,"collects input, kept modal (router Classify: KeepModal)"
reportdesign/uiconfig/dbreport/ui/backgrounddialog.ui,BackgroundDialog,GtkDialog,native-exclusion,,"collects input, kept modal (router Classify: KeepModal)"
reportdesign/uiconfig/dbreport/ui/chardialog.ui,CharDialog,GtkDialog,native-exclusion,,"collects input, kept modal (router Classify: KeepModal)"
reportdesign/uiconfig/dbreport/ui/condformatdialog.ui,CondFormat,GtkDialog,native-exclusion,,"interactive dialog shell, not acknowledgment-only (router Classify: KeepModal)"
reportdesign/uiconfig/dbreport/ui/datetimedialog.ui,DateTimeDialog,GtkDialog,native-exclusion,,"collects input, kept modal (router Classify: KeepModal)"
reportdesign/uiconfig/dbreport/ui/floatingfield.ui,FloatingField,GtkDialog,native-exclusion,,"collects input, kept modal (router Classify: KeepModal)"
reportdesign/uiconfig/dbreport/ui/floatingnavigator.ui,FloatingNavigator,GtkDialog,native-exclusion,,"collects input, kept modal (router Classify: KeepModal)"
reportdesign/uiconfig/dbreport/ui/floatingsort.ui,FloatingSort,GtkDialog,native-exclusion,,"collects input, kept modal (router Classify: KeepModal)"
reportdesign/uiconfig/dbreport/ui/pagedialog.ui,PageDialog,GtkDialog,native-exclusion,,"collects input, kept modal (router Classify: KeepModal)"
reportdesign/uiconfig/dbreport/ui/pagenumberdialog.ui,PageNumberDialog,GtkDialog,native-exclusion,,"collects input, kept modal (router Classify: KeepModal)"
sc/uiconfig/scalc/ui/advancedfilterdialog.ui,AdvancedFilterDialog,GtkDialog,native-exclusion,,"collects input, kept modal (router Classify: KeepModal)"
sc/uiconfig/scalc/ui/allheaderfooterdialog.ui,AllHeaderFooterDialog,GtkDialog,native-exclusion,,"collects input, kept modal (router Classify: KeepModal)"
sc/uiconfig/scalc/ui/analysisofvariancedialog.ui,AnalysisOfVarianceDialog,GtkDialog,native-exclusion,,"collects input, kept modal (router Classify: KeepModal)"
sc/uiconfig/scalc/ui/autoformattable.ui,AutoFormatTableDialog,GtkDialog,native-exclusion,,"collects input, kept modal (router Classify: KeepModal)"
sc/uiconfig/scalc/ui/changesourcedialog.ui,ChangeSourceDialog,GtkDialog,native-exclusion,,"collects input, kept modal (router Classify: KeepModal)"
sc/uiconfig/scalc/ui/chardialog.ui,CharDialog,GtkDialog,native-exclusion,,"collects input, kept modal (router Classify: KeepModal)"
sc/uiconfig/scalc/ui/checkwarningdialog.ui,CheckWarningDialog,GtkMessageDialog,native-exclusion,,"collects input, kept modal (router Classify: KeepModal)"
sc/uiconfig/scalc/ui/chisquaretestdialog.ui,ChiSquareTestDialog,GtkDialog,native-exclusion,,"collects input, kept modal (router Classify: KeepModal)"
sc/uiconfig/scalc/ui/colorrowdialog.ui,ColOrRowDialog,GtkDialog,native-exclusion,,"collects input, kept modal (router Classify: KeepModal)"
sc/uiconfig/scalc/ui/colwidthdialog.ui,ColWidthDialog,GtkDialog,native-exclusion,,"collects input, kept modal (router Classify: KeepModal)"
sc/uiconfig/scalc/ui/condformatmanager.ui,CondFormatManager,GtkDialog,native-exclusion,,"collects input, kept modal (router Classify: KeepModal)"
sc/uiconfig/scalc/ui/conditionaleasydialog.ui,CondFormatEasyDlg,GtkDialog,native-exclusion,,"collects input, kept modal (router Classify: KeepModal)"
sc/uiconfig/scalc/ui/conditionalformatdialog.ui,ConditionalFormatDialog,GtkDialog,native-exclusion,,"collects input, kept modal (router Classify: KeepModal)"
sc/uiconfig/scalc/ui/conflictsdialog.ui,ConflictsDialog,GtkDialog,native-exclusion,,"collects input, kept modal (router Classify: KeepModal)"
sc/uiconfig/scalc/ui/consolidatedialog.ui,ConsolidateDialog,GtkDialog,native-exclusion,,"collects input, kept modal (router Classify: KeepModal)"
sc/uiconfig/scalc/ui/correlationdialog.ui,CorrelationDialog,GtkDialog,native-exclusion,,"collects input, kept modal (router Classify: KeepModal)"
sc/uiconfig/scalc/ui/covariancedialog.ui,CovarianceDialog,GtkDialog,native-exclusion,,"collects input, kept modal (router Classify: KeepModal)"
sc/uiconfig/scalc/ui/createnamesdialog.ui,CreateNamesDialog,GtkDialog,native-exclusion,,"collects input, kept modal (router Classify: KeepModal)"
sc/uiconfig/scalc/ui/dapiservicedialog.ui,DapiserviceDialog,GtkDialog,native-exclusion,,"collects input, kept modal (router Classify: KeepModal)"
sc/uiconfig/scalc/ui/databaroptions.ui,DataBarOptions,GtkDialog,native-exclusion,,"collects input, kept modal (router Classify: KeepModal)"
sc/uiconfig/scalc/ui/datafielddialog.ui,DataFieldDialog,GtkDialog,native-exclusion,,"collects input, kept modal (router Classify: KeepModal)"
sc/uiconfig/scalc/ui/datafieldoptionsdialog.ui,DataFieldOptionsDialog,GtkDialog,native-exclusion,,"collects input, kept modal (router Classify: KeepModal)"
sc/uiconfig/scalc/ui/dataform.ui,DataFormDialog,GtkDialog,native-exclusion,,"interactive dialog shell, not acknowledgment-only (router Classify: KeepModal)"
sc/uiconfig/scalc/ui/dataproviderdlg.ui,dataproviderdlg,GtkDialog,native-exclusion,,"collects input, kept modal (router Classify: KeepModal)"
sc/uiconfig/scalc/ui/datastreams.ui,DataStreamDialog,GtkDialog,native-exclusion,,"collects input, kept modal (router Classify: KeepModal)"
sc/uiconfig/scalc/ui/definedatabaserangedialog.ui,DefineDatabaseRangeDialog,GtkDialog,native-exclusion,,"collects input, kept modal (router Classify: KeepModal)"
sc/uiconfig/scalc/ui/definename.ui,DefineNameDialog,GtkDialog,native-exclusion,,"collects input, kept modal (router Classify: KeepModal)"
sc/uiconfig/scalc/ui/definetablerangedialog.ui,tablerangedialog,GtkDialog,native-exclusion,,"collects input, kept modal (router Classify: KeepModal)"
sc/uiconfig/scalc/ui/deletecells.ui,DeleteCellsDialog,GtkDialog,native-exclusion,,"destructive confirmation, kept modal (router Classify: KeepModal)"
sc/uiconfig/scalc/ui/deletecontents.ui,DeleteContentsDialog,GtkDialog,native-exclusion,,"destructive confirmation, kept modal (router Classify: KeepModal)"
sc/uiconfig/scalc/ui/descriptivestatisticsdialog.ui,DescriptiveStatisticsDialog,GtkDialog,native-exclusion,,"collects input, kept modal (router Classify: KeepModal)"
sc/uiconfig/scalc/ui/doubledialog.ui,DoubleDialog,GtkDialog,native-exclusion,,"collects input, kept modal (router Classify: KeepModal)"
sc/uiconfig/scalc/ui/drawtemplatedialog.ui,DrawTemplateDialog,GtkDialog,native-exclusion,,"collects input, kept modal (router Classify: KeepModal)"
sc/uiconfig/scalc/ui/duplicaterecordsdlg.ui,DuplicateRecordsDialog,GtkDialog,native-exclusion,,"collects input, kept modal (router Classify: KeepModal)"
sc/uiconfig/scalc/ui/exponentialsmoothingdialog.ui,ExponentialSmoothingDialog,GtkDialog,native-exclusion,,"collects input, kept modal (router Classify: KeepModal)"
sc/uiconfig/scalc/ui/externaldata.ui,ExternalDataDialog,GtkDialog,native-exclusion,,"collects input, kept modal (router Classify: KeepModal)"
sc/uiconfig/scalc/ui/filldlg.ui,FillSeriesDialog,GtkDialog,native-exclusion,,"collects input, kept modal (router Classify: KeepModal)"
sc/uiconfig/scalc/ui/footerdialog.ui,FooterDialog,GtkDialog,native-exclusion,,"collects input, kept modal (router Classify: KeepModal)"
sc/uiconfig/scalc/ui/formatcellsdialog.ui,FormatCellsDialog,GtkDialog,native-exclusion,,"collects input, kept modal (router Classify: KeepModal)"
sc/uiconfig/scalc/ui/formulacalculationoptions.ui,FormulaCalculationOptions,GtkDialog,native-exclusion,,"collects input, kept modal (router Classify: KeepModal)"
sc/uiconfig/scalc/ui/fourieranalysisdialog.ui,FourierAnalysisDialog,GtkDialog,native-exclusion,,"collects input, kept modal (router Classify: KeepModal)"
sc/uiconfig/scalc/ui/goalseekdlg.ui,GoalSeekDialog,GtkDialog,native-exclusion,,"collects input, kept modal (router Classify: KeepModal)"
sc/uiconfig/scalc/ui/gotosheetdialog.ui,GoToSheetDialog,GtkDialog,native-exclusion,,"collects input, kept modal (router Classify: KeepModal)"
sc/uiconfig/scalc/ui/groupbydate.ui,PivotTableGroupByDate,GtkDialog,native-exclusion,,"collects input, kept modal (router Classify: KeepModal)"
sc/uiconfig/scalc/ui/groupbynumber.ui,PivotTableGroupByNumber,GtkDialog,native-exclusion,,"collects input, kept modal (router Classify: KeepModal)"
sc/uiconfig/scalc/ui/groupdialog.ui,GroupDialog,GtkDialog,native-exclusion,,"collects input, kept modal (router Classify: KeepModal)"
sc/uiconfig/scalc/ui/headerdialog.ui,HeaderDialog,GtkDialog,native-exclusion,,"collects input, kept modal (router Classify: KeepModal)"
sc/uiconfig/scalc/ui/headerfooterdialog.ui,HeaderFooterDialog,GtkDialog,native-exclusion,,"collects input, kept modal (router Classify: KeepModal)"
sc/uiconfig/scalc/ui/imoptdialog.ui,ImOptDialog,GtkDialog,native-exclusion,,"collects input, kept modal (router Classify: KeepModal)"
sc/uiconfig/scalc/ui/inputstringdialog.ui,InputStringDialog,GtkDialog,native-exclusion,,"collects input, kept modal (router Classify: KeepModal)"
sc/uiconfig/scalc/ui/insertcells.ui,InsertCellsDialog,GtkDialog,native-exclusion,,"collects input, kept modal (router Classify: KeepModal)"
sc/uiconfig/scalc/ui/insertname.ui,InsertNameDialog,GtkDialog,native-exclusion,,"collects input, kept modal (router Classify: KeepModal)"
sc/uiconfig/scalc/ui/insertsheet.ui,InsertSheetDialog,GtkDialog,native-exclusion,,"collects input, kept modal (router Classify: KeepModal)"
sc/uiconfig/scalc/ui/integerdialog.ui,IntegerDialog,GtkDialog,native-exclusion,,"collects input, kept modal (router Classify: KeepModal)"
sc/uiconfig/scalc/ui/leftfooterdialog.ui,LeftFooterDialog,GtkDialog,native-exclusion,,"collects input, kept modal (router Classify: KeepModal)"
sc/uiconfig/scalc/ui/leftheaderdialog.ui,Left Header,GtkDialog,native-exclusion,,"collects input, kept modal (router Classify: KeepModal)"
sc/uiconfig/scalc/ui/managenamesdialog.ui,ManageNamesDialog,GtkDialog,native-exclusion,,"collects input, kept modal (router Classify: KeepModal)"
sc/uiconfig/scalc/ui/mergecellsdialog.ui,MergeCellsDialog,GtkDialog,native-exclusion,,"collects input, kept modal (router Classify: KeepModal)"
sc/uiconfig/scalc/ui/movecopysheet.ui,MoveCopySheetDialog,GtkDialog,native-exclusion,,"collects input, kept modal (router Classify: KeepModal)"
sc/uiconfig/scalc/ui/movingaveragedialog.ui,MovingAverageDialog,GtkDialog,native-exclusion,,"collects input, kept modal (router Classify: KeepModal)"
sc/uiconfig/scalc/ui/multipleoperationsdialog.ui,MultipleOperationsDialog,GtkDialog,native-exclusion,,"collects input, kept modal (router Classify: KeepModal)"
sc/uiconfig/scalc/ui/namerangesdialog.ui,NameRangesDialog,GtkDialog,native-exclusion,,"collects input, kept modal (router Classify: KeepModal)"
sc/uiconfig/scalc/ui/nosolutiondialog.ui,NoSolutionDialog,GtkDialog,native-exclusion,,"interactive dialog shell, not acknowledgment-only (router Classify: KeepModal)"
sc/uiconfig/scalc/ui/optimalcolwidthdialog.ui,OptimalColWidthDialog,GtkDialog,native-exclusion,,"collects input, kept modal (router Classify: KeepModal)"
sc/uiconfig/scalc/ui/optimalrowheightdialog.ui,OptimalRowHeightDialog,GtkDialog,native-exclusion,,"collects input, kept modal (router Classify: KeepModal)"
sc/uiconfig/scalc/ui/pagetemplatedialog.ui,PageTemplateDialog,GtkDialog,native-exclusion,,"collects input, kept modal (router Classify: KeepModal)"
sc/uiconfig/scalc/ui/paradialog.ui,ParagraphDialog,GtkDialog,native-exclusion,,"collects input, kept modal (router Classify: KeepModal)"
sc/uiconfig/scalc/ui/paratemplatedialog.ui,ParaTemplateDialog,GtkDialog,native-exclusion,,"collects input, kept modal (router Classify: KeepModal)"
sc/uiconfig/scalc/ui/pastespecial.ui,PasteSpecial,GtkDialog,native-exclusion,,"collects input, kept modal (router Classify: KeepModal)"
sc/uiconfig/scalc/ui/pivotcalcfielddialog.ui,PivotCalcField,GtkDialog,native-exclusion,,"collects input, kept modal (router Classify: KeepModal)"
sc/uiconfig/scalc/ui/pivotfielddialog.ui,PivotFieldDialog,GtkDialog,native-exclusion,,"collects input, kept modal (router Classify: KeepModal)"
sc/uiconfig/scalc/ui/pivotfilterdialog.ui,PivotFilterDialog,GtkDialog,native-exclusion,,"collects input, kept modal (router Classify: KeepModal)"
sc/uiconfig/scalc/ui/pivottablelayoutdialog.ui,PivotTableLayout,GtkDialog,native-exclusion,,"collects input, kept modal (router Classify: KeepModal)"
sc/uiconfig/scalc/ui/printareasdialog.ui,PrintAreasDialog,GtkDialog,native-exclusion,,"collects input, kept modal (router Classify: KeepModal)"
sc/uiconfig/scalc/ui/protectsheetdlg.ui,ProtectSheetDialog,GtkDialog,native-exclusion,,"collects credentials, kept modal (router Classify: KeepModal)"
sc/uiconfig/scalc/ui/queryrunstreamscriptdialog.ui,QueryRunStreamScriptDialog,GtkMessageDialog,native-exclusion,,"security/trust decision, kept modal (router Classify: KeepModal)"
sc/uiconfig/scalc/ui/randomnumbergenerator.ui,RandomNumberGeneratorDialog,GtkDialog,native-exclusion,,"collects input, kept modal (router Classify: KeepModal)"
sc/uiconfig/scalc/ui/recalcquerydialog.ui,RecalcQueryDialog,GtkMessageDialog,native-exclusion,,"collects input, kept modal (router Classify: KeepModal)"
sc/uiconfig/scalc/ui/regressiondialog.ui,RegressionDialog,GtkDialog,native-exclusion,,"collects input, kept modal (router Classify: KeepModal)"
sc/uiconfig/scalc/ui/retypepassdialog.ui,RetypePass,GtkDialog,native-exclusion,,"collects credentials, kept modal (router Classify: KeepModal)"
sc/uiconfig/scalc/ui/retypepassworddialog.ui,RetypePasswordDialog,GtkDialog,native-exclusion,,"collects credentials, kept modal (router Classify: KeepModal)"
sc/uiconfig/scalc/ui/rightfooterdialog.ui,RightFooterDialog,GtkDialog,native-exclusion,,"collects input, kept modal (router Classify: KeepModal)"
sc/uiconfig/scalc/ui/rightheaderdialog.ui,RightHeaderDialog,GtkDialog,native-exclusion,,"collects input, kept modal (router Classify: KeepModal)"
sc/uiconfig/scalc/ui/rowheightdialog.ui,RowHeightDialog,GtkDialog,native-exclusion,,"collects input, kept modal (router Classify: KeepModal)"
sc/uiconfig/scalc/ui/samplingdialog.ui,SamplingDialog,GtkDialog,native-exclusion,,"collects input, kept modal (router Classify: KeepModal)"
sc/uiconfig/scalc/ui/scenariodialog.ui,ScenarioDialog,GtkDialog,native-exclusion,,"collects input, kept modal (router Classify: KeepModal)"
sc/uiconfig/scalc/ui/searchresults.ui,SearchResultsDialog,GtkDialog,native-exclusion,,"collects input, kept modal (router Classify: KeepModal)"
sc/uiconfig/scalc/ui/selectdatasource.ui,SelectDataSourceDialog,GtkDialog,native-exclusion,,"collects input, kept modal (router Classify: KeepModal)"
sc/uiconfig/scalc/ui/selectrange.ui,SelectRangeDialog,GtkDialog,native-exclusion,,"collects input, kept modal (router Classify: KeepModal)"
sc/uiconfig/scalc/ui/selectsheetviewdialog.ui,SelectSheetViewDialog,GtkDialog,native-exclusion,,"collects input, kept modal (router Classify: KeepModal)"
sc/uiconfig/scalc/ui/selectsource.ui,SelectSourceDialog,GtkDialog,native-exclusion,,"collects input, kept modal (router Classify: KeepModal)"
sc/uiconfig/scalc/ui/sharedfirstfooterdialog.ui,SharedFirstFooterDialog,GtkDialog,native-exclusion,,"collects input, kept modal (router Classify: KeepModal)"
sc/uiconfig/scalc/ui/sharedfirstheaderdialog.ui,SharedFirstHeaderDialog,GtkDialog,native-exclusion,,"collects input, kept modal (router Classify: KeepModal)"
sc/uiconfig/scalc/ui/sharedfooterdialog.ui,SharedFooterDialog,GtkDialog,native-exclusion,,"collects input, kept modal (router Classify: KeepModal)"
sc/uiconfig/scalc/ui/sharedheaderdialog.ui,SharedHeaderDialog,GtkDialog,native-exclusion,,"collects input, kept modal (router Classify: KeepModal)"
sc/uiconfig/scalc/ui/sharedleftfooterdialog.ui,SharedLeftFooterDialog,GtkDialog,native-exclusion,,"collects input, kept modal (router Classify: KeepModal)"
sc/uiconfig/scalc/ui/sharedleftheaderdialog.ui,SharedLeftHeaderDialog,GtkDialog,native-exclusion,,"collects input, kept modal (router Classify: KeepModal)"
sc/uiconfig/scalc/ui/sharedocumentdlg.ui,ShareDocumentDialog,GtkDialog,native-exclusion,,"collects input, kept modal (router Classify: KeepModal)"
sc/uiconfig/scalc/ui/sharedwarningdialog.ui,SharedWarningDialog,GtkMessageDialog,native-exclusion,,"collects input, kept modal (router Classify: KeepModal)"
sc/uiconfig/scalc/ui/showchangesdialog.ui,ShowChangesDialog,GtkDialog,native-exclusion,,"collects input, kept modal (router Classify: KeepModal)"
sc/uiconfig/scalc/ui/showdetaildialog.ui,ShowDetail,GtkDialog,native-exclusion,,"collects input, kept modal (router Classify: KeepModal)"
sc/uiconfig/scalc/ui/showsheetdialog.ui,ShowSheetDialog,GtkDialog,native-exclusion,,"collects input, kept modal (router Classify: KeepModal)"
sc/uiconfig/scalc/ui/simplerefdialog.ui,SimpleRefDialog,GtkDialog,native-exclusion,,"collects input, kept modal (router Classify: KeepModal)"
sc/uiconfig/scalc/ui/solverdlg.ui,SolverDialog,GtkDialog,native-exclusion,,"collects input, kept modal (router Classify: KeepModal)"
sc/uiconfig/scalc/ui/solveroptionsdialog.ui,SolverOptionsDialog,GtkDialog,native-exclusion,,"collects input, kept modal (router Classify: KeepModal)"
sc/uiconfig/scalc/ui/solverprogressdialog.ui,SolverProgressDialog,GtkDialog,native-exclusion,,"interactive dialog shell, not acknowledgment-only (router Classify: KeepModal)"
sc/uiconfig/scalc/ui/solversuccessdialog.ui,SolverSuccessDialog,GtkDialog,native-exclusion,,"interactive dialog shell, not acknowledgment-only (router Classify: KeepModal)"
sc/uiconfig/scalc/ui/sortdialog.ui,SortDialog,GtkDialog,native-exclusion,,"collects input, kept modal (router Classify: KeepModal)"
sc/uiconfig/scalc/ui/sortwarning.ui,SortWarning,GtkDialog,native-exclusion,,"interactive dialog shell, not acknowledgment-only (router Classify: KeepModal)"
sc/uiconfig/scalc/ui/sparklinedatarangedialog.ui,SparklineDataRangeDialog,GtkDialog,native-exclusion,,"collects input, kept modal (router Classify: KeepModal)"
sc/uiconfig/scalc/ui/sparklinedialog.ui,SparklineDialog,GtkDialog,native-exclusion,,"collects input, kept modal (router Classify: KeepModal)"
sc/uiconfig/scalc/ui/standardfilterdialog.ui,StandardFilterDialog,GtkDialog,native-exclusion,,"collects input, kept modal (router Classify: KeepModal)"
sc/uiconfig/scalc/ui/subtotaldialog.ui,SubTotalDialog,GtkDialog,native-exclusion,,"collects input, kept modal (router Classify: KeepModal)"
sc/uiconfig/scalc/ui/tabcolordialog.ui,TabColorDialog,GtkDialog,native-exclusion,,"interactive dialog shell, not acknowledgment-only (router Classify: KeepModal)"
sc/uiconfig/scalc/ui/textimportcsv.ui,TextImportCsvDialog,GtkDialog,native-exclusion,,"collects input, kept modal (router Classify: KeepModal)"
sc/uiconfig/scalc/ui/textimportoptions.ui,TextImportOptionsDialog,GtkDialog,native-exclusion,,"collects input, kept modal (router Classify: KeepModal)"
sc/uiconfig/scalc/ui/ttestdialog.ui,TTestDialog,GtkDialog,native-exclusion,,"collects input, kept modal (router Classify: KeepModal)"
sc/uiconfig/scalc/ui/ungroupdialog.ui,UngroupDialog,GtkDialog,native-exclusion,,"collects input, kept modal (router Classify: KeepModal)"
sc/uiconfig/scalc/ui/validationdialog.ui,ValidationDialog,GtkDialog,native-exclusion,,"collects input, kept modal (router Classify: KeepModal)"
sc/uiconfig/scalc/ui/warnautocorrect.ui,WarnAutoCorrect,GtkMessageDialog,native-exclusion,,"collects input, kept modal (router Classify: KeepModal)"
sc/uiconfig/scalc/ui/xmlsourcedialog.ui,XMLSourceDialog,GtkDialog,native-exclusion,,"collects input, kept modal (router Classify: KeepModal)"
sc/uiconfig/scalc/ui/ztestdialog.ui,ZTestDialog,GtkDialog,native-exclusion,,"collects input, kept modal (router Classify: KeepModal)"
sd/uiconfig/sdraw/ui/breakdialog.ui,BreakDialog,GtkDialog,native-exclusion,,"interactive dialog shell, not acknowledgment-only (router Classify: KeepModal)"
sd/uiconfig/sdraw/ui/bulletsandnumbering.ui,BulletsAndNumberingDialog,GtkDialog,native-exclusion,,"collects input, kept modal (router Classify: KeepModal)"
sd/uiconfig/sdraw/ui/copydlg.ui,DuplicateDialog,GtkDialog,native-exclusion,,"collects input, kept modal (router Classify: KeepModal)"
sd/uiconfig/sdraw/ui/crossfadedialog.ui,CrossFadeDialog,GtkDialog,native-exclusion,,"collects input, kept modal (router Classify: KeepModal)"
sd/uiconfig/sdraw/ui/dlgsnap.ui,SnapObjectDialog,GtkDialog,native-exclusion,,"collects input, kept modal (router Classify: KeepModal)"
sd/uiconfig/sdraw/ui/drawchardialog.ui,DrawCharDialog,GtkDialog,native-exclusion,,"collects input, kept modal (router Classify: KeepModal)"
sd/uiconfig/sdraw/ui/drawpagedialog.ui,DrawPageDialog,GtkDialog,native-exclusion,,"collects input, kept modal (router Classify: KeepModal)"
sd/uiconfig/sdraw/ui/drawparadialog.ui,DrawParagraphPropertiesDialog,GtkDialog,native-exclusion,,"collects input, kept modal (router Classify: KeepModal)"
sd/uiconfig/sdraw/ui/drawprtldialog.ui,DrawPRTLDialog,GtkDialog,native-exclusion,,"collects input, kept modal (router Classify: KeepModal)"
sd/uiconfig/sdraw/ui/insertlayer.ui,InsertLayerDialog,GtkDialog,native-exclusion,,"collects input, kept modal (router Classify: KeepModal)"
sd/uiconfig/sdraw/ui/insertslidesdialog.ui,InsertSlidesDialog,GtkDialog,native-exclusion,,"collects input, kept modal (router Classify: KeepModal)"
sd/uiconfig/sdraw/ui/namedesign.ui,NameDesignDialog,GtkDialog,native-exclusion,,"collects input, kept modal (router Classify: KeepModal)"
sd/uiconfig/sdraw/ui/queryunlinkimagedialog.ui,QueryUnlinkImageDialog,GtkMessageDialog,native-exclusion,,"destructive confirmation, kept modal (router Classify: KeepModal)"
sd/uiconfig/sdraw/ui/selectlayerdialog.ui,SelectLayerDialog,GtkDialog,native-exclusion,,"collects input, kept modal (router Classify: KeepModal)"
sd/uiconfig/sdraw/ui/vectorize.ui,VectorizeDialog,GtkDialog,native-exclusion,,"collects input, kept modal (router Classify: KeepModal)"
sd/uiconfig/simpress/ui/customanimationproperties.ui,CustomAnimationProperties,GtkDialog,native-exclusion,,"collects input, kept modal (router Classify: KeepModal)"
sd/uiconfig/simpress/ui/customslideshows.ui,CustomSlideShows,GtkDialog,native-exclusion,,"collects input, kept modal (router Classify: KeepModal)"
sd/uiconfig/simpress/ui/definecustomslideshow.ui,DefineCustomSlideShow,GtkDialog,native-exclusion,,"collects input, kept modal (router Classify: KeepModal)"
sd/uiconfig/simpress/ui/dlgfield.ui,EditFieldsDialog,GtkDialog,native-exclusion,,"collects input, kept modal (router Classify: KeepModal)"
sd/uiconfig/simpress/ui/headerfooterdialog.ui,HeaderFooterDialog,GtkDialog,native-exclusion,,"collects input, kept modal (router Classify: KeepModal)"
sd/uiconfig/simpress/ui/insertslides.ui,InsertSlidesDialog,GtkDialog,native-exclusion,,"collects input, kept modal (router Classify: KeepModal)"
sd/uiconfig/simpress/ui/interactiondialog.ui,InteractionDialog,GtkDialog,native-exclusion,,"interactive dialog shell, not acknowledgment-only (router Classify: KeepModal)"
sd/uiconfig/simpress/ui/masterlayoutdlg.ui,MasterLayoutDialog,GtkDialog,native-exclusion,,"collects input, kept modal (router Classify: KeepModal)"
sd/uiconfig/simpress/ui/photoalbum.ui,PhotoAlbumCreatorDialog,GtkDialog,native-exclusion,,"collects input, kept modal (router Classify: KeepModal)"
sd/uiconfig/simpress/ui/pminfodialog.ui,PMInfoDialog,GtkMessageDialog,native-exclusion,,"collects input, kept modal (router Classify: KeepModal)"
sd/uiconfig/simpress/ui/presentationdialog.ui,PresentationDialog,GtkDialog,native-exclusion,,"collects input, kept modal (router Classify: KeepModal)"
sd/uiconfig/simpress/ui/remotedialog.ui,RemoteDialog,GtkDialog,native-exclusion,,"interactive dialog shell, not acknowledgment-only (router Classify: KeepModal)"
sd/uiconfig/simpress/ui/slidedesigndialog.ui,SlideDesignDialog,GtkDialog,native-exclusion,,"collects input, kept modal (router Classify: KeepModal)"
sd/uiconfig/simpress/ui/templatedialog.ui,TemplateDialog,GtkDialog,native-exclusion,,"collects input, kept modal (router Classify: KeepModal)"
sfx2/uiconfig/ui/addtargetdialog.ui,AddTargetDialog,GtkDialog,native-exclusion,,"collects input, kept modal (router Classify: KeepModal)"
sfx2/uiconfig/ui/autoredactdialog.ui,AutoRedactDialog,GtkDialog,native-exclusion,,"collects input, kept modal (router Classify: KeepModal)"
sfx2/uiconfig/ui/bookmarkdialog.ui,BookmarkDialog,GtkDialog,native-exclusion,,"collects input, kept modal (router Classify: KeepModal)"
sfx2/uiconfig/ui/checkin.ui,CheckinDialog,GtkDialog,native-exclusion,,"collects input, kept modal (router Classify: KeepModal)"
sfx2/uiconfig/ui/documentpropertiesdialog.ui,DocumentPropertiesDialog,GtkDialog,native-exclusion,,"collects input, kept modal (router Classify: KeepModal)"
sfx2/uiconfig/ui/editdocumentdialog.ui,EditDocumentDialog,GtkMessageDialog,native-exclusion,,"modal decision prompt, not acknowledgment-only (router Classify: KeepModal)"
sfx2/uiconfig/ui/editdurationdialog.ui,EditDurationDialog,GtkDialog,native-exclusion,,"collects input, kept modal (router Classify: KeepModal)"
sfx2/uiconfig/ui/errorfindemaildialog.ui,ErrorFindEmailDialog,GtkMessageDialog,bottom-right-notification-form,default,
sfx2/uiconfig/ui/floatingrecord.ui,FloatingRecord,GtkDialog,native-exclusion,,"interactive dialog shell, not acknowledgment-only (router Classify: KeepModal)"
sfx2/uiconfig/ui/helpmanual.ui,onlinehelpmanual,GtkMessageDialog,native-exclusion,,"collects input, kept modal (router Classify: KeepModal)"
sfx2/uiconfig/ui/inputdialog.ui,InputDialog,GtkDialog,native-exclusion,,"collects input, kept modal (router Classify: KeepModal)"
sfx2/uiconfig/ui/licensedialog.ui,LicenseDialog,GtkDialog,native-exclusion,,"interactive dialog shell, not acknowledgment-only (router Classify: KeepModal)"
sfx2/uiconfig/ui/linkeditdialog.ui,LinkEditDialog,GtkDialog,native-exclusion,,"collects input, kept modal (router Classify: KeepModal)"
sfx2/uiconfig/ui/loadtemplatedialog.ui,LoadTemplateDialog,GtkDialog,native-exclusion,,"collects input, kept modal (router Classify: KeepModal)"
sfx2/uiconfig/ui/materialdestructiveconfirmdialog.ui,MaterialDestructiveConfirmDialog,GtkMessageDialog,native-exclusion,,"destructive confirmation, kept modal (router Classify: KeepModal)"
sfx2/uiconfig/ui/newstyle.ui,CreateStyleDialog,GtkDialog,native-exclusion,,"collects input, kept modal (router Classify: KeepModal)"
sfx2/uiconfig/ui/password.ui,PasswordDialog,GtkDialog,native-exclusion,,"collects credentials, kept modal (router Classify: KeepModal)"
sfx2/uiconfig/ui/printeroptionsdialog.ui,PrinterOptionsDialog,GtkDialog,native-exclusion,,"interactive dialog shell, not acknowledgment-only (router Classify: KeepModal)"
sfx2/uiconfig/ui/querysavedialog.ui,QuerySaveDialog,GtkMessageDialog,native-exclusion,,"destructive confirmation, kept modal (router Classify: KeepModal)"
sfx2/uiconfig/ui/safemodequerydialog.ui,SafeModeQueryDialog,GtkMessageDialog,native-exclusion,,"modal decision prompt, not acknowledgment-only (router Classify: KeepModal)"
sfx2/uiconfig/ui/saveastemplatedlg.ui,SaveAsTemplateDialog,GtkDialog,native-exclusion,,"collects input, kept modal (router Classify: KeepModal)"
sfx2/uiconfig/ui/searchdialog.ui,SearchDialog,GtkDialog,native-exclusion,,"collects input, kept modal (router Classify: KeepModal)"
sfx2/uiconfig/ui/singletabdialog.ui,SingleTabDialog,GtkDialog,native-exclusion,,"interactive dialog shell, not acknowledgment-only (router Classify: KeepModal)"
sfx2/uiconfig/ui/tabbarcontents.ui,,GtkDialog,native-exclusion,,"interactive dialog shell, not acknowledgment-only (router Classify: KeepModal)"
sfx2/uiconfig/ui/templatecategorydlg.ui,TemplatesCategoryDialog,GtkDialog,native-exclusion,,"collects input, kept modal (router Classify: KeepModal)"
sfx2/uiconfig/ui/templatedlg.ui,TemplateDialog,GtkDialog,native-exclusion,,"collects input, kept modal (router Classify: KeepModal)"
sfx2/uiconfig/ui/versioncommentdialog.ui,VersionCommentDialog,GtkDialog,native-exclusion,,"collects input, kept modal (router Classify: KeepModal)"
sfx2/uiconfig/ui/versionscmis.ui,VersionsCmisDialog,GtkDialog,native-exclusion,,"collects input, kept modal (router Classify: KeepModal)"
sfx2/uiconfig/ui/versionsofdialog.ui,VersionsOfDialog,GtkDialog,native-exclusion,,"collects input, kept modal (router Classify: KeepModal)"
starmath/uiconfig/smath/ui/alignmentdialog.ui,AlignmentDialog,GtkDialog,native-exclusion,,"collects input, kept modal (router Classify: KeepModal)"
starmath/uiconfig/smath/ui/catalogdialog.ui,CatalogDialog,GtkDialog,native-exclusion,,"collects input, kept modal (router Classify: KeepModal)"
starmath/uiconfig/smath/ui/fontdialog.ui,FontDialog,GtkDialog,native-exclusion,,"collects input, kept modal (router Classify: KeepModal)"
starmath/uiconfig/smath/ui/fontsizedialog.ui,FontSizeDialog,GtkDialog,native-exclusion,,"collects input, kept modal (router Classify: KeepModal)"
starmath/uiconfig/smath/ui/fonttypedialog.ui,FontsDialog,GtkDialog,native-exclusion,,"collects input, kept modal (router Classify: KeepModal)"
starmath/uiconfig/smath/ui/matrixeditor.ui,MatrixEditor,GtkDialog,native-exclusion,,"collects input, kept modal (router Classify: KeepModal)"
starmath/uiconfig/smath/ui/savedefaultsdialog.ui,SaveDefaultsDialog,GtkMessageDialog,native-exclusion,,"modal decision prompt, not acknowledgment-only (router Classify: KeepModal)"
starmath/uiconfig/smath/ui/spacingdialog.ui,SpacingDialog,GtkDialog,native-exclusion,,"collects input, kept modal (router Classify: KeepModal)"
starmath/uiconfig/smath/ui/symdefinedialog.ui,EditSymbols,GtkDialog,native-exclusion,,"collects input, kept modal (router Classify: KeepModal)"
svtools/uiconfig/ui/addresstemplatedialog.ui,AddressTemplateDialog,GtkDialog,native-exclusion,,"collects input, kept modal (router Classify: KeepModal)"
svtools/uiconfig/ui/graphicexport.ui,GraphicExportDialog,GtkDialog,native-exclusion,,"collects input, kept modal (router Classify: KeepModal)"
svtools/uiconfig/ui/inputbox.ui,InputBox,GtkDialog,native-exclusion,,"collects input, kept modal (router Classify: KeepModal)"
svtools/uiconfig/ui/javadisableddialog.ui,JavaDisabledDialog,GtkMessageDialog,native-exclusion,,"modal decision prompt, not acknowledgment-only (router Classify: KeepModal)"
svtools/uiconfig/ui/placeedit.ui,PlaceEditDialog,GtkDialog,native-exclusion,,"collects credentials, kept modal (router Classify: KeepModal)"
svtools/uiconfig/ui/printersetupdialog.ui,PrinterSetupDialog,GtkDialog,native-exclusion,,"collects input, kept modal (router Classify: KeepModal)"
svtools/uiconfig/ui/querydeletedialog.ui,QueryDeleteDialog,GtkMessageDialog,native-exclusion,,"destructive confirmation, kept modal (router Classify: KeepModal)"
svtools/uiconfig/ui/restartdialog.ui,RestartDialog,GtkDialog,native-exclusion,,"interactive dialog shell, not acknowledgment-only (router Classify: KeepModal)"
svx/uiconfig/ui/acceptrejectchangesdialog.ui,AcceptRejectChangesDialog,GtkDialog,native-exclusion,,"interactive dialog shell, not acknowledgment-only (router Classify: KeepModal)"
svx/uiconfig/ui/addconditiondialog.ui,AddConditionDialog,GtkDialog,native-exclusion,,"collects input, kept modal (router Classify: KeepModal)"
svx/uiconfig/ui/adddataitemdialog.ui,AddDataItemDialog,GtkDialog,native-exclusion,,"collects input, kept modal (router Classify: KeepModal)"
svx/uiconfig/ui/addinstancedialog.ui,AddInstanceDialog,GtkDialog,native-exclusion,,"collects input, kept modal (router Classify: KeepModal)"
svx/uiconfig/ui/addmodeldialog.ui,AddModelDialog,GtkDialog,native-exclusion,,"collects input, kept modal (router Classify: KeepModal)"
svx/uiconfig/ui/addnamespacedialog.ui,AddNamespaceDialog,GtkDialog,native-exclusion,,"collects input, kept modal (router Classify: KeepModal)"
svx/uiconfig/ui/addsubmissiondialog.ui,AddSubmissionDialog,GtkDialog,native-exclusion,,"collects input, kept modal (router Classify: KeepModal)"
svx/uiconfig/ui/asianphoneticguidedialog.ui,AsianPhoneticGuideDialog,GtkDialog,native-exclusion,,"collects input, kept modal (router Classify: KeepModal)"
svx/uiconfig/ui/chineseconversiondialog.ui,ChineseConversionDialog,GtkDialog,native-exclusion,,"collects input, kept modal (router Classify: KeepModal)"
svx/uiconfig/ui/chinesedictionary.ui,ChineseDictionaryDialog,GtkDialog,native-exclusion,,"collects input, kept modal (router Classify: KeepModal)"
svx/uiconfig/ui/classificationdialog.ui,AdvancedDocumentClassificationDialog,GtkDialog,native-exclusion,,"collects input, kept modal (router Classify: KeepModal)"
svx/uiconfig/ui/compressgraphicdialog.ui,CompressGraphicDialog,GtkDialog,native-exclusion,,"collects input, kept modal (router Classify: KeepModal)"
svx/uiconfig/ui/crashreportdlg.ui,CrashReportDialog,GtkDialog,native-exclusion,,"collects input, kept modal (router Classify: KeepModal)"
svx/uiconfig/ui/deletefooterdialog.ui,DeleteFooterDialog,GtkMessageDialog,native-exclusion,,"destructive confirmation, kept modal (router Classify: KeepModal)"
svx/uiconfig/ui/deleteheaderdialog.ui,DeleteHeaderDialog,GtkMessageDialog,native-exclusion,,"destructive confirmation, kept modal (router Classify: KeepModal)"
svx/uiconfig/ui/docrecoverybrokendialog.ui,DocRecoveryBrokenDialog,GtkDialog,native-exclusion,,"collects input, kept modal (router Classify: KeepModal)"
svx/uiconfig/ui/docrecoveryprogressdialog.ui,DocRecoveryProgressDialog,GtkDialog,native-exclusion,,"interactive dialog shell, not acknowledgment-only (router Classify: KeepModal)"
svx/uiconfig/ui/docrecoveryrecoverdialog.ui,DocRecoveryRecoverDialog,GtkDialog,native-exclusion,,"collects input, kept modal (router Classify: KeepModal)"
svx/uiconfig/ui/docrecoverysavedialog.ui,DocRecoverySaveDialog,GtkDialog,native-exclusion,,"collects input, kept modal (router Classify: KeepModal)"
svx/uiconfig/ui/extrustiondepthdialog.ui,ExtrustionDepthDialog,GtkDialog,native-exclusion,,"collects input, kept modal (router Classify: KeepModal)"
svx/uiconfig/ui/fileexporteddialog.ui,FileExportedDialog,GtkDialog,native-exclusion,,"interactive dialog shell, not acknowledgment-only (router Classify: KeepModal)"
svx/uiconfig/ui/findreplacedialog.ui,FindReplaceDialog,GtkDialog,native-exclusion,,"destructive confirmation, kept modal (router Classify: KeepModal)"
svx/uiconfig/ui/floatingcontour.ui,FloatingContour,GtkDialog,native-exclusion,,"collects input, kept modal (router Classify: KeepModal)"
svx/uiconfig/ui/fontworkgallerydialog.ui,FontworkGalleryDialog,GtkDialog,native-exclusion,,"collects input, kept modal (router Classify: KeepModal)"
svx/uiconfig/ui/fontworkspacingdialog.ui,FontworkSpacingDialog,GtkDialog,native-exclusion,,"collects input, kept modal (router Classify: KeepModal)"
svx/uiconfig/ui/formfielddialog.ui,FormFieldDialog,GtkDialog,native-exclusion,,"collects input, kept modal (router Classify: KeepModal)"
svx/uiconfig/ui/formlinkwarndialog.ui,FormLinkWarnDialog,GtkMessageDialog,native-exclusion,,"modal decision prompt, not acknowledgment-only (router Classify: KeepModal)"
svx/uiconfig/ui/formpropertydialog.ui,FormPropertyDialog,GtkDialog,native-exclusion,,"interactive dialog shell, not acknowledgment-only (router Classify: KeepModal)"
svx/uiconfig/ui/genericcheckdialog.ui,GenericCheckDialog,GtkDialog,native-exclusion,,"interactive dialog shell, not acknowledgment-only (router Classify: KeepModal)"
svx/uiconfig/ui/gotopagedialog.ui,GotoPageDialog,GtkDialog,native-exclusion,,"collects input, kept modal (router Classify: KeepModal)"
svx/uiconfig/ui/imapdialog.ui,ImapDialog,GtkDialog,native-exclusion,,"collects input, kept modal (router Classify: KeepModal)"
svx/uiconfig/ui/linkwarndialog.ui,LinkWarnDialog,GtkMessageDialog,native-exclusion,,"collects input, kept modal (router Classify: KeepModal)"
svx/uiconfig/ui/namespacedialog.ui,NamespaceDialog,GtkDialog,native-exclusion,,"collects input, kept modal (router Classify: KeepModal)"
svx/uiconfig/ui/passwd.ui,PasswordDialog,GtkDialog,native-exclusion,,"collects credentials, kept modal (router Classify: KeepModal)"
svx/uiconfig/ui/querydeletecontourdialog.ui,QueryDeleteContourDialog,GtkMessageDialog,native-exclusion,,"destructive confirmation, kept modal (router Classify: KeepModal)"
svx/uiconfig/ui/querydeleteobjectdialog.ui,QueryDeleteObjectDialog,GtkMessageDialog,native-exclusion,,"destructive confirmation, kept modal (router Classify: KeepModal)"
svx/uiconfig/ui/querydeletethemedialog.ui,QueryDeleteThemeDialog,GtkMessageDialog,native-exclusion,,"destructive confirmation, kept modal (router Classify: KeepModal)"
svx/uiconfig/ui/querymodifyimagemapchangesdialog.ui,QueryModifyImageMapChangesDialog,GtkMessageDialog,native-exclusion,,"modal decision prompt, not acknowledgment-only (router Classify: KeepModal)"
svx/uiconfig/ui/querynewcontourdialog.ui,QueryNewContourDialog,GtkMessageDialog,native-exclusion,,"modal decision prompt, not acknowledgment-only (router Classify: KeepModal)"
svx/uiconfig/ui/querysavecontchangesdialog.ui,QuerySaveContourChangesDialog,GtkMessageDialog,native-exclusion,,"destructive confirmation, kept modal (router Classify: KeepModal)"
svx/uiconfig/ui/querysaveimagemapchangesdialog.ui,QuerySaveImageMapChangesDialog,GtkMessageDialog,native-exclusion,,"destructive confirmation, kept modal (router Classify: KeepModal)"
svx/uiconfig/ui/queryunlinkgraphicsdialog.ui,QueryUnlinkGraphicsDialog,GtkMessageDialog,native-exclusion,,"destructive confirmation, kept modal (router Classify: KeepModal)"
svx/uiconfig/ui/safemodedialog.ui,SafeModeDialog,GtkDialog,native-exclusion,,"collects input, kept modal (router Classify: KeepModal)"
svx/uiconfig/ui/savemodifieddialog.ui,SaveModifiedDialog,GtkMessageDialog,native-exclusion,,"modal decision prompt, not acknowledgment-only (router Classify: KeepModal)"
svx/uiconfig/ui/stringinput.ui,StringInputDialog,GtkDialog,native-exclusion,,"collects input, kept modal (router Classify: KeepModal)"
svx/uiconfig/ui/tableautofmtdlg.ui,AutoFormatTableDialog,GtkDialog,native-exclusion,,"collects input, kept modal (router Classify: KeepModal)"
svx/uiconfig/ui/tablestylesdlg.ui,TableStylesDialog,GtkDialog,native-exclusion,,"collects input, kept modal (router Classify: KeepModal)"
svx/uiconfig/ui/textcontrolchardialog.ui,TextControlCharacterPropertiesDialog,GtkDialog,native-exclusion,,"collects input, kept modal (router Classify: KeepModal)"
svx/uiconfig/ui/textcontrolparadialog.ui,TextControlParagraphPropertiesDialog,GtkDialog,native-exclusion,,"collects input, kept modal (router Classify: KeepModal)"
svx/uiconfig/ui/themecoloreditdialog.ui,ThemeColorEditDialog,GtkDialog,native-exclusion,,"collects input, kept modal (router Classify: KeepModal)"
svx/uiconfig/ui/themedialog.ui,ThemeDialog,GtkDialog,native-exclusion,,"collects input, kept modal (router Classify: KeepModal)"
sw/uiconfig/swriter/ui/abstractdialog.ui,AbstractDialog,GtkDialog,native-exclusion,,"collects input, kept modal (router Classify: KeepModal)"
sw/uiconfig/swriter/ui/addentrydialog.ui,AddEntryDialog,GtkDialog,native-exclusion,,"collects input, kept modal (router Classify: KeepModal)"
sw/uiconfig/swriter/ui/addressblockdialog.ui,AddressBlockDialog,GtkDialog,native-exclusion,,"collects input, kept modal (router Classify: KeepModal)"
sw/uiconfig/swriter/ui/alreadyexistsdialog.ui,AlreadyExistsDialog,GtkMessageDialog,native-exclusion,,"collects input, kept modal (router Classify: KeepModal)"
sw/uiconfig/swriter/ui/asciifilterdialog.ui,AsciiFilterDialog,GtkDialog,native-exclusion,,"collects input, kept modal (router Classify: KeepModal)"
sw/uiconfig/swriter/ui/asksearchdialog.ui,AskSearchDialog,GtkMessageDialog,native-exclusion,,"modal decision prompt, not acknowledgment-only (router Classify: KeepModal)"
sw/uiconfig/swriter/ui/assignfieldsdialog.ui,AssignFieldsDialog,GtkDialog,native-exclusion,,"interactive dialog shell, not acknowledgment-only (router Classify: KeepModal)"
sw/uiconfig/swriter/ui/assignstylesdialog.ui,AssignStylesDialog,GtkDialog,native-exclusion,,"collects input, kept modal (router Classify: KeepModal)"
sw/uiconfig/swriter/ui/attachnamedialog.ui,AttachNameDialog,GtkMessageDialog,native-exclusion,,"collects input, kept modal (router Classify: KeepModal)"
sw/uiconfig/swriter/ui/authenticationsettingsdialog.ui,AuthenticationSettingsDialog,GtkDialog,native-exclusion,,"collects credentials, kept modal (router Classify: KeepModal)"
sw/uiconfig/swriter/ui/autoformattable.ui,AutoFormatTableDialog,GtkDialog,native-exclusion,,"collects input, kept modal (router Classify: KeepModal)"
sw/uiconfig/swriter/ui/autotext.ui,AutoTextDialog,GtkDialog,native-exclusion,,"collects input, kept modal (router Classify: KeepModal)"
sw/uiconfig/swriter/ui/bibliographyentry.ui,BibliographyEntryDialog,GtkDialog,native-exclusion,,"collects input, kept modal (router Classify: KeepModal)"
sw/uiconfig/swriter/ui/bulletsandnumbering.ui,BulletsAndNumberingDialog,GtkDialog,native-exclusion,,"collects input, kept modal (router Classify: KeepModal)"
sw/uiconfig/swriter/ui/cannotsavelabeldialog.ui,CannotSaveLabelDialog,GtkMessageDialog,bottom-right-notification-form,default,
sw/uiconfig/swriter/ui/captiondialog.ui,CaptionDialog,GtkDialog,native-exclusion,,"interactive dialog shell, not acknowledgment-only (router Classify: KeepModal)"
sw/uiconfig/swriter/ui/captionoptions.ui,CaptionOptionsDialog,GtkDialog,native-exclusion,,"collects input, kept modal (router Classify: KeepModal)"
sw/uiconfig/swriter/ui/ccdialog.ui,CCDialog,GtkDialog,native-exclusion,,"collects input, kept modal (router Classify: KeepModal)"
sw/uiconfig/swriter/ui/characterproperties.ui,CharacterPropertiesDialog,GtkDialog,native-exclusion,,"collects input, kept modal (router Classify: KeepModal)"
sw/uiconfig/swriter/ui/columndialog.ui,ColumnDialog,GtkDialog,native-exclusion,,"interactive dialog shell, not acknowledgment-only (router Classify: KeepModal)"
sw/uiconfig/swriter/ui/columnwidth.ui,ColumnWidthDialog,GtkDialog,native-exclusion,,"collects input, kept modal (router Classify: KeepModal)"
sw/uiconfig/swriter/ui/contentcontroldlg.ui,ContentControlDialog,GtkDialog,native-exclusion,,"collects input, kept modal (router Classify: KeepModal)"
sw/uiconfig/swriter/ui/contentcontrollistitemdlg.ui,ContentControlListItemDialog,GtkDialog,native-exclusion,,"collects input, kept modal (router Classify: KeepModal)"
sw/uiconfig/swriter/ui/converttexttable.ui,ConvertTextTableDialog,GtkDialog,native-exclusion,,"collects input, kept modal (router Classify: KeepModal)"
sw/uiconfig/swriter/ui/copyfielddialog.ui,CopyFieldDialog,GtkDialog,native-exclusion,,"collects input, kept modal (router Classify: KeepModal)"
sw/uiconfig/swriter/ui/createaddresslist.ui,CreateAddressList,GtkDialog,native-exclusion,,"collects input, kept modal (router Classify: KeepModal)"
sw/uiconfig/swriter/ui/createauthorentry.ui,CreateAuthorEntryDialog,GtkDialog,native-exclusion,,"interactive dialog shell, not acknowledgment-only (router Classify: KeepModal)"
sw/uiconfig/swriter/ui/createautomarkdialog.ui,CreateAutomarkDialog,GtkDialog,native-exclusion,,"interactive dialog shell, not acknowledgment-only (router Classify: KeepModal)"
sw/uiconfig/swriter/ui/customizeaddrlistdialog.ui,CustomizeAddrListDialog,GtkDialog,native-exclusion,,"collects input, kept modal (router Classify: KeepModal)"
sw/uiconfig/swriter/ui/datasourcesunavailabledialog.ui,DataSourcesUnavailableDialog,GtkMessageDialog,native-exclusion,,"modal decision prompt, not acknowledgment-only (router Classify: KeepModal)"
sw/uiconfig/swriter/ui/dateformfielddialog.ui,DateFormFieldDialog,GtkDialog,native-exclusion,,"collects input, kept modal (router Classify: KeepModal)"
sw/uiconfig/swriter/ui/dropdownfielddialog.ui,DropdownFieldDialog,GtkDialog,native-exclusion,,"collects input, kept modal (router Classify: KeepModal)"
sw/uiconfig/swriter/ui/dropdownformfielddialog.ui,DropDownFormFieldDialog,GtkDialog,native-exclusion,,"collects input, kept modal (router Classify: KeepModal)"
sw/uiconfig/swriter/ui/editcategories.ui,EditCategoriesDialog,GtkDialog,native-exclusion,,"collects input, kept modal (router Classify: KeepModal)"
sw/uiconfig/swriter/ui/editfielddialog.ui,EditFieldDialog,GtkDialog,native-exclusion,,"interactive dialog shell, not acknowledgment-only (router Classify: KeepModal)"
sw/uiconfig/swriter/ui/editsectiondialog.ui,EditSectionDialog,GtkDialog,native-exclusion,,"collects input, kept modal (router Classify: KeepModal)"
sw/uiconfig/swriter/ui/envdialog.ui,EnvDialog,GtkDialog,native-exclusion,,"collects input, kept modal (router Classify: KeepModal)"
sw/uiconfig/swriter/ui/exchangedatabases.ui,ExchangeDatabasesDialog,GtkDialog,native-exclusion,,"collects input, kept modal (router Classify: KeepModal)"
sw/uiconfig/swriter/ui/fielddialog.ui,FieldDialog,GtkDialog,native-exclusion,,"collects input, kept modal (router Classify: KeepModal)"
sw/uiconfig/swriter/ui/findentrydialog.ui,FindEntryDialog,GtkDialog,native-exclusion,,"collects input, kept modal (router Classify: KeepModal)"
sw/uiconfig/swriter/ui/floatingsync.ui,FloatingSync,GtkDialog,native-exclusion,,"interactive dialog shell, not acknowledgment-only (router Classify: KeepModal)"
sw/uiconfig/swriter/ui/footendnotedialog.ui,FootEndnoteDialog,GtkDialog,native-exclusion,,"collects input, kept modal (router Classify: KeepModal)"
sw/uiconfig/swriter/ui/formatsectiondialog.ui,FormatSectionDialog,GtkDialog,native-exclusion,,"collects input, kept modal (router Classify: KeepModal)"
sw/uiconfig/swriter/ui/framedialog.ui,FrameDialog,GtkDialog,native-exclusion,,"collects input, kept modal (router Classify: KeepModal)"
sw/uiconfig/swriter/ui/indexentry.ui,IndexEntryDialog,GtkDialog,native-exclusion,,"collects input, kept modal (router Classify: KeepModal)"
sw/uiconfig/swriter/ui/infonotfounddialog.ui,InfoNotFoundDialog,GtkMessageDialog,bottom-right-notification-form,default,
sw/uiconfig/swriter/ui/inforeadonlydialog.ui,InfoReadonlyDialog,GtkMessageDialog,bottom-right-notification-form,default,
sw/uiconfig/swriter/ui/inputfielddialog.ui,InputFieldDialog,GtkDialog,native-exclusion,,"collects input, kept modal (router Classify: KeepModal)"
sw/uiconfig/swriter/ui/insertautotextdialog.ui,InsertAutoTextDialog,GtkDialog,native-exclusion,,"collects input, kept modal (router Classify: KeepModal)"
sw/uiconfig/swriter/ui/insertbookmark.ui,InsertBookmarkDialog,GtkDialog,native-exclusion,,"collects input, kept modal (router Classify: KeepModal)"
sw/uiconfig/swriter/ui/insertbreak.ui,BreakDialog,GtkDialog,native-exclusion,,"collects input, kept modal (router Classify: KeepModal)"
sw/uiconfig/swriter/ui/insertcaption.ui,InsertCaptionDialog,GtkDialog,native-exclusion,,"collects input, kept modal (router Classify: KeepModal)"
sw/uiconfig/swriter/ui/insertdbcolumnsdialog.ui,InsertDbColumnsDialog,GtkDialog,native-exclusion,,"collects input, kept modal (router Classify: KeepModal)"
sw/uiconfig/swriter/ui/insertfootnote.ui,InsertFootnoteDialog,GtkDialog,native-exclusion,,"collects input, kept modal (router Classify: KeepModal)"
sw/uiconfig/swriter/ui/insertscript.ui,InsertScriptDialog,GtkDialog,native-exclusion,,"collects input, kept modal (router Classify: KeepModal)"
sw/uiconfig/swriter/ui/insertsectiondialog.ui,InsertSectionDialog,GtkDialog,native-exclusion,,"collects input, kept modal (router Classify: KeepModal)"
sw/uiconfig/swriter/ui/inserttable.ui,InsertTableDialog,GtkDialog,native-exclusion,,"collects input, kept modal (router Classify: KeepModal)"
sw/uiconfig/swriter/ui/labeldialog.ui,LabelDialog,GtkDialog,native-exclusion,,"collects input, kept modal (router Classify: KeepModal)"
sw/uiconfig/swriter/ui/linenumbering.ui,LineNumberingDialog,GtkDialog,native-exclusion,,"collects input, kept modal (router Classify: KeepModal)"
sw/uiconfig/swriter/ui/mailmerge.ui,MailmergeDialog,GtkDialog,native-exclusion,,"collects input, kept modal (router Classify: KeepModal)"
sw/uiconfig/swriter/ui/mailmergedialog.ui,MailMergeDialog,GtkDialog,native-exclusion,,"collects input, kept modal (router Classify: KeepModal)"
sw/uiconfig/swriter/ui/mergeconnectdialog.ui,MergeConnectDialog,GtkDialog,native-exclusion,,"collects input, kept modal (router Classify: KeepModal)"
sw/uiconfig/swriter/ui/mergetabledialog.ui,MergeTableDialog,GtkDialog,native-exclusion,,"collects input, kept modal (router Classify: KeepModal)"
sw/uiconfig/swriter/ui/mmcreatingdialog.ui,MMCreatingDialog,GtkDialog,native-exclusion,,"interactive dialog shell, not acknowledgment-only (router Classify: KeepModal)"
sw/uiconfig/swriter/ui/mmmailbody.ui,MailBodyDialog,GtkDialog,native-exclusion,,"collects input, kept modal (router Classify: KeepModal)"
sw/uiconfig/swriter/ui/mmresultemaildialog.ui,MMResultEmailDialog,GtkDialog,native-exclusion,,"collects input, kept modal (router Classify: KeepModal)"
sw/uiconfig/swriter/ui/mmresultprintdialog.ui,MMResultPrintDialog,GtkDialog,native-exclusion,,"collects input, kept modal (router Classify: KeepModal)"
sw/uiconfig/swriter/ui/mmresultsavedialog.ui,MMResultSaveDialog,GtkDialog,native-exclusion,,"collects input, kept modal (router Classify: KeepModal)"
sw/uiconfig/swriter/ui/mmsendmails.ui,SendMailsDialog,GtkDialog,native-exclusion,,"collects input, kept modal (router Classify: KeepModal)"
sw/uiconfig/swriter/ui/newuserindexdialog.ui,NewUserIndexDialog,GtkDialog,native-exclusion,,"collects input, kept modal (router Classify: KeepModal)"
sw/uiconfig/swriter/ui/numberingnamedialog.ui,NumberingNameDialog,GtkDialog,native-exclusion,,"collects input, kept modal (router Classify: KeepModal)"
sw/uiconfig/swriter/ui/numberinput.ui,NumberInputDialog,GtkDialog,native-exclusion,,"collects input, kept modal (router Classify: KeepModal)"
sw/uiconfig/swriter/ui/objectdialog.ui,ObjectDialog,GtkDialog,native-exclusion,,"collects input, kept modal (router Classify: KeepModal)"
sw/uiconfig/swriter/ui/outlinenumbering.ui,OutlineNumberingDialog,GtkDialog,native-exclusion,,"collects input, kept modal (router Classify: KeepModal)"
sw/uiconfig/swriter/ui/pagenumberdlg.ui,PageNumberDialog,GtkDialog,native-exclusion,,"collects input, kept modal (router Classify: KeepModal)"
sw/uiconfig/swriter/ui/paradialog.ui,ParagraphPropertiesDialog,GtkDialog,native-exclusion,,"collects input, kept modal (router Classify: KeepModal)"
sw/uiconfig/swriter/ui/picturedialog.ui,PictureDialog,GtkDialog,native-exclusion,,"collects input, kept modal (router Classify: KeepModal)"
sw/uiconfig/swriter/ui/previewzoomdialog.ui,PreviewZoomDialog,GtkDialog,native-exclusion,,"collects input, kept modal (router Classify: KeepModal)"
sw/uiconfig/swriter/ui/printmergedialog.ui,PrintMergeDialog,GtkMessageDialog,native-exclusion,,"modal decision prompt, not acknowledgment-only (router Classify: KeepModal)"
sw/uiconfig/swriter/ui/printmonitordialog.ui,PrintMonitorDialog,GtkDialog,native-exclusion,,"interactive dialog shell, not acknowledgment-only (router Classify: KeepModal)"
sw/uiconfig/swriter/ui/querycontinuebegindialog.ui,QueryContinueBeginDialog,GtkMessageDialog,native-exclusion,,"modal decision prompt, not acknowledgment-only (router Classify: KeepModal)"
sw/uiconfig/swriter/ui/querycontinueenddialog.ui,QueryContinueEndDialog,GtkMessageDialog,native-exclusion,,"modal decision prompt, not acknowledgment-only (router Classify: KeepModal)"
sw/uiconfig/swriter/ui/querydefaultcompatdialog.ui,QueryDefaultCompatDialog,GtkMessageDialog,native-exclusion,,"modal decision prompt, not acknowledgment-only (router Classify: KeepModal)"
sw/uiconfig/swriter/ui/querysavelabeldialog.ui,QuerySaveLabelDialog,GtkMessageDialog,native-exclusion,,"destructive confirmation, kept modal (router Classify: KeepModal)"
sw/uiconfig/swriter/ui/renameautotextdialog.ui,RenameAutoTextDialog,GtkDialog,native-exclusion,,"collects input, kept modal (router Classify: KeepModal)"
sw/uiconfig/swriter/ui/renameentrydialog.ui,RenameEntryDialog,GtkDialog,native-exclusion,,"collects input, kept modal (router Classify: KeepModal)"
sw/uiconfig/swriter/ui/renameobjectdialog.ui,RenameObjectDialog,GtkDialog,native-exclusion,,"collects input, kept modal (router Classify: KeepModal)"
sw/uiconfig/swriter/ui/rowheight.ui,RowHeightDialog,GtkDialog,native-exclusion,,"collects input, kept modal (router Classify: KeepModal)"
sw/uiconfig/swriter/ui/saveashtmldialog.ui,SaveAsHTMLDialog,GtkMessageDialog,native-exclusion,,"modal decision prompt, not acknowledgment-only (router Classify: KeepModal)"
sw/uiconfig/swriter/ui/savelabeldialog.ui,SaveLabelDialog,GtkDialog,native-exclusion,,"collects input, kept modal (router Classify: KeepModal)"
sw/uiconfig/swriter/ui/savemonitordialog.ui,SaveMonitorDialog,GtkDialog,native-exclusion,,"interactive dialog shell, not acknowledgment-only (router Classify: KeepModal)"
sw/uiconfig/swriter/ui/selectaddressdialog.ui,SelectAddressDialog,GtkDialog,native-exclusion,,"collects input, kept modal (router Classify: KeepModal)"
sw/uiconfig/swriter/ui/selectautotextdialog.ui,SelectAutoTextDialog,GtkDialog,native-exclusion,,"collects input, kept modal (router Classify: KeepModal)"
sw/uiconfig/swriter/ui/selectblockdialog.ui,SelectBlockDialog,GtkDialog,native-exclusion,,"collects input, kept modal (router Classify: KeepModal)"
sw/uiconfig/swriter/ui/selectindexdialog.ui,SelectIndexDialog,GtkDialog,native-exclusion,,"collects input, kept modal (router Classify: KeepModal)"
sw/uiconfig/swriter/ui/selecttabledialog.ui,SelectTableDialog,GtkDialog,native-exclusion,,"collects input, kept modal (router Classify: KeepModal)"
sw/uiconfig/swriter/ui/sortdialog.ui,SortDialog,GtkDialog,native-exclusion,,"collects input, kept modal (router Classify: KeepModal)"
sw/uiconfig/swriter/ui/splittable.ui,SplitTableDialog,GtkDialog,native-exclusion,,"collects input, kept modal (router Classify: KeepModal)"
sw/uiconfig/swriter/ui/stringinput.ui,StringInputDialog,GtkDialog,native-exclusion,,"collects input, kept modal (router Classify: KeepModal)"
sw/uiconfig/swriter/ui/subjectdialog.ui,SubjectDialog,GtkMessageDialog,native-exclusion,,"collects input, kept modal (router Classify: KeepModal)"
sw/uiconfig/swriter/ui/tablepreviewdialog.ui,TablePreviewDialog,GtkDialog,native-exclusion,,"interactive dialog shell, not acknowledgment-only (router Classify: KeepModal)"
sw/uiconfig/swriter/ui/tableproperties.ui,TablePropertiesDialog,GtkDialog,native-exclusion,,"collects input, kept modal (router Classify: KeepModal)"
sw/uiconfig/swriter/ui/templatedialog1.ui,TemplateDialog1,GtkDialog,native-exclusion,,"collects input, kept modal (router Classify: KeepModal)"
sw/uiconfig/swriter/ui/templatedialog16.ui,TemplateDialog16,GtkDialog,native-exclusion,,"collects input, kept modal (router Classify: KeepModal)"
sw/uiconfig/swriter/ui/templatedialog2.ui,TemplateDialog2,GtkDialog,native-exclusion,,"collects input, kept modal (router Classify: KeepModal)"
sw/uiconfig/swriter/ui/templatedialog4.ui,TemplateDialog4,GtkDialog,native-exclusion,,"collects input, kept modal (router Classify: KeepModal)"
sw/uiconfig/swriter/ui/templatedialog8.ui,TemplateDialog8,GtkDialog,native-exclusion,,"collects input, kept modal (router Classify: KeepModal)"
sw/uiconfig/swriter/ui/testmailsettings.ui,TestMailSettings,GtkDialog,native-exclusion,,"collects input, kept modal (router Classify: KeepModal)"
sw/uiconfig/swriter/ui/titlepage.ui,DLG_TITLEPAGE,GtkDialog,native-exclusion,,"collects input, kept modal (router Classify: KeepModal)"
sw/uiconfig/swriter/ui/tocdialog.ui,TocDialog,GtkDialog,native-exclusion,,"collects input, kept modal (router Classify: KeepModal)"
sw/uiconfig/swriter/ui/warndatasourcedialog.ui,WarnDataSourceDialog,GtkMessageDialog,native-exclusion,,"modal decision prompt, not acknowledgment-only (router Classify: KeepModal)"
sw/uiconfig/swriter/ui/warnemaildialog.ui,WarnEmailDialog,GtkMessageDialog,native-exclusion,,"collects input, kept modal (router Classify: KeepModal)"
sw/uiconfig/swriter/ui/warnhiddensectiondialog.ui,WarnHiddenSectionDialog,GtkMessageDialog,native-exclusion,,"modal decision prompt, not acknowledgment-only (router Classify: KeepModal)"
sw/uiconfig/swriter/ui/watermarkdialog.ui,WatermarkDialog,GtkDialog,native-exclusion,,"collects input, kept modal (router Classify: KeepModal)"
sw/uiconfig/swriter/ui/wordcount.ui,WordCountDialog,GtkDialog,native-exclusion,,"interactive dialog shell, not acknowledgment-only (router Classify: KeepModal)"
sw/uiconfig/swriter/ui/wrapdialog.ui,WrapDialog,GtkDialog,native-exclusion,,"interactive dialog shell, not acknowledgment-only (router Classify: KeepModal)"
uui/uiconfig/ui/authfallback.ui,AuthFallbackDlg,GtkDialog,native-exclusion,,"collects input, kept modal (router Classify: KeepModal)"
uui/uiconfig/ui/filterselect.ui,FilterSelectDialog,GtkDialog,native-exclusion,,"collects input, kept modal (router Classify: KeepModal)"
uui/uiconfig/ui/logindialog.ui,LoginDialog,GtkDialog,native-exclusion,,"collects credentials, kept modal (router Classify: KeepModal)"
uui/uiconfig/ui/macrowarnmedium.ui,MacroWarnMedium,GtkMessageDialog,native-exclusion,,"collects input, kept modal (router Classify: KeepModal)"
uui/uiconfig/ui/masterpassworddlg.ui,MasterPasswordDialog,GtkDialog,native-exclusion,,"collects credentials, kept modal (router Classify: KeepModal)"
uui/uiconfig/ui/password.ui,PasswordDialog,GtkDialog,native-exclusion,,"collects credentials, kept modal (router Classify: KeepModal)"
uui/uiconfig/ui/setmasterpassworddlg.ui,SetMasterPasswordDialog,GtkDialog,native-exclusion,,"collects credentials, kept modal (router Classify: KeepModal)"
uui/uiconfig/ui/simplenameclash.ui,SimpleNameClashDialog,GtkDialog,native-exclusion,,"collects input, kept modal (router Classify: KeepModal)"
uui/uiconfig/ui/sslwarndialog.ui,SSLWarnDialog,GtkMessageDialog,native-exclusion,,"modal decision prompt, not acknowledgment-only (router Classify: KeepModal)"
uui/uiconfig/ui/unknownauthdialog.ui,UnknownAuthDialog,GtkMessageDialog,native-exclusion,,"collects input, kept modal (router Classify: KeepModal)"
vcl/qa/cppunit/data/treeviewtest.ui,,GtkDialog,native-exclusion,,"collects input, kept modal (router Classify: KeepModal)"
vcl/uiconfig/ui/cupspassworddialog.ui,CUPSPasswordDialog,GtkDialog,native-exclusion,,"collects credentials, kept modal (router Classify: KeepModal)"
vcl/uiconfig/ui/errornocontentdialog.ui,ErrorNoContentDialog,GtkMessageDialog,bottom-right-notification-form,default,
vcl/uiconfig/ui/errornoprinterdialog.ui,ErrorNoPrinterDialog,GtkMessageDialog,bottom-right-notification-form,default,
vcl/uiconfig/ui/openlockedquerybox.ui,OpenLockedQueryBox,GtkDialog,native-exclusion,,"collects input, kept modal (router Classify: KeepModal)"
vcl/uiconfig/ui/printdialog.ui,PrintDialog,GtkDialog,native-exclusion,,"collects input, kept modal (router Classify: KeepModal)"
vcl/uiconfig/ui/printerpropertiesdialog.ui,PrinterPropertiesDialog,GtkDialog,native-exclusion,,"collects input, kept modal (router Classify: KeepModal)"
vcl/uiconfig/ui/printprogressdialog.ui,PrintProgressDialog,GtkDialog,native-exclusion,,"interactive dialog shell, not acknowledgment-only (router Classify: KeepModal)"
vcl/uiconfig/ui/querydialog.ui,QueryDialog,GtkDialog,native-exclusion,,"collects input, kept modal (router Classify: KeepModal)"
vcl/uiconfig/ui/screenshotparent.ui,ScreenShot,GtkDialog,native-exclusion,,"interactive dialog shell, not acknowledgment-only (router Classify: KeepModal)"
vcl/uiconfig/ui/wizard.ui,Wizard,GtkAssistant,native-exclusion,,"interactive dialog shell, not acknowledgment-only (router Classify: KeepModal)"
writerperfect/uiconfig/ui/exportepub.ui,EpubDialog,GtkDialog,native-exclusion,,"collects input, kept modal (router Classify: KeepModal)"
writerperfect/uiconfig/ui/wpftencodingdialog.ui,WPFTEncodingDialog,GtkDialog,native-exclusion,,"collects input, kept modal (router Classify: KeepModal)"
xmlsecurity/uiconfig/ui/digitalsignaturesdialog.ui,DigitalSignaturesDialog,GtkDialog,native-exclusion,,"security/trust decision, kept modal (router Classify: KeepModal)"
xmlsecurity/uiconfig/ui/macrosecuritydialog.ui,MacroSecurityDialog,GtkDialog,native-exclusion,,"security/trust decision, kept modal (router Classify: KeepModal)"
xmlsecurity/uiconfig/ui/selectcertificatedialog.ui,SelectCertificateDialog,GtkDialog,native-exclusion,,"security/trust decision, kept modal (router Classify: KeepModal)"
xmlsecurity/uiconfig/ui/viewcertdialog.ui,ViewCertDialog,GtkDialog,native-exclusion,,"security/trust decision, kept modal (router Classify: KeepModal)"
